"","V1","Study","DOI","study_id","quantity_samples","Inversion?","Factored_out","Anova","phenotype_id","fullpheno","meta.info","linear_model:_In(3R)Mo","linear_model:_In(2R)NS","linear_model:_In(3R)K","linear_model:_In(2L)t","linear_model:_In(3R)P","Significantly_associated:_In(2R)NS","Significantly_associated:_In(3R)K","Significantly_associated:_In(2L)t","Significantly_associated:_In(3R)Mo","Significantly_associated:_In(3R)P"
"1",1,"Dembeck et al., 2015","10.1371/journal.pgen.1005163",10,175,"Y",TRUE,TRUE,2635,"AbdominaPigmentT5_F","Physiology",FALSE,FALSE,FALSE,FALSE,FALSE,FALSE,FALSE,FALSE,FALSE,FALSE
"2",2,"Dembeck et al., 2015","10.1371/journal.pgen.1005163",10,175,"Y",TRUE,TRUE,2636,"AbdominaPigmentT6_F","Physiology",FALSE,FALSE,FALSE,FALSE,FALSE,FALSE,FALSE,FALSE,FALSE,FALSE
"3",3,"Rohde et al., 2017","10.1534/genetics.117.200642",29,87,"Y",FALSE,TRUE,1643,"Aggression_GSEI_M","Behavior",TRUE,FALSE,FALSE,FALSE,FALSE,FALSE,FALSE,FALSE,TRUE,FALSE
"4",4,"Howick et al., 2017","10.1111/mec.14017",16,158,"N",FALSE,FALSE,1500,"BacterialLoad_PR_ADJ_F","Stress_Resistance",FALSE,TRUE,FALSE,FALSE,FALSE,TRUE,FALSE,FALSE,FALSE,FALSE
"5",5,"Howick et al., 2017","10.1111/mec.14017",16,168,"N",FALSE,FALSE,1499,"BacterialLoad_PR_F","Stress_Resistance",FALSE,TRUE,FALSE,FALSE,FALSE,TRUE,FALSE,FALSE,FALSE,FALSE
"6",6,"Morgante et al., 2015","10.1038/srep09785",24,174,"Y",TRUE,FALSE,2797,"ChillComaRec_F","Stress_Resistance",FALSE,FALSE,FALSE,FALSE,FALSE,FALSE,FALSE,FALSE,FALSE,FALSE
"7",7,"Morgante et al., 2015","10.1038/srep09785",24,174,"Y",TRUE,FALSE,2797,"ChillComaRec_M","Stress_Resistance",FALSE,FALSE,FALSE,FALSE,FALSE,FALSE,FALSE,FALSE,FALSE,FALSE
"8",8,"Harbison et al., 2018","10.1007/s10519-018-9932-0",39,161,"Y",TRUE,FALSE,1737,"Circadian_Per_ChiSq_F","Behavior",FALSE,FALSE,FALSE,FALSE,FALSE,FALSE,FALSE,FALSE,FALSE,FALSE
"9",9,"Harbison et al., 2018","10.1007/s10519-018-9932-0",39,166,"Y",TRUE,FALSE,1737,"Circadian_Per_ChiSq_M","Behavior",FALSE,FALSE,FALSE,FALSE,FALSE,FALSE,FALSE,FALSE,FALSE,FALSE
"10",10,"Harbison et al., 2018","10.1007/s10519-018-9932-0",39,161,"Y",TRUE,FALSE,1736,"Circadian_Per_MESA_F","Behavior",FALSE,TRUE,FALSE,FALSE,FALSE,TRUE,FALSE,FALSE,FALSE,FALSE
"11",11,"Harbison et al., 2018","10.1007/s10519-018-9932-0",39,166,"Y",TRUE,FALSE,1736,"Circadian_Per_MESA_M","Behavior",FALSE,TRUE,FALSE,FALSE,FALSE,TRUE,FALSE,FALSE,FALSE,FALSE
"12",12,"Dembeck et al., 2015 ","10.7554/eLife.09861",11,169,"Y",TRUE,FALSE,1349,"Cuticul_n_C21_F","Morphology",FALSE,FALSE,TRUE,FALSE,FALSE,FALSE,TRUE,FALSE,FALSE,FALSE
"13",13,"Dembeck et al., 2015 ","10.7554/eLife.09861",11,157,"Y",TRUE,FALSE,1349,"Cuticul_n_C21_M","Morphology",FALSE,FALSE,TRUE,FALSE,FALSE,FALSE,TRUE,FALSE,FALSE,FALSE
"14",14,"Bou Sleiman et al., 2015","10.1038/ncomms8829",4,79,"N",FALSE,FALSE,2617,"Ecc15_FracDead_10d_F","Stress_Resistance",FALSE,FALSE,FALSE,FALSE,FALSE,FALSE,FALSE,FALSE,FALSE,FALSE
"15",15,"Vonesch et al., 2016 (Include all 23)?","10.1371/journal.pgen.1005616",34,149,"Y",TRUE,TRUE,2818,"Eye_Area_F","Morphology",FALSE,TRUE,TRUE,FALSE,FALSE,TRUE,TRUE,FALSE,FALSE,FALSE
"16",16,"Vonesch et al., 2016 (Include all 23)?","10.1371/journal.pgen.1005616",34,148,"Y",TRUE,TRUE,2818,"Eye_Area_M","Morphology",TRUE,TRUE,TRUE,FALSE,FALSE,TRUE,TRUE,FALSE,TRUE,FALSE
"17",17,"Vonesch et al., 2016 (Include all 23)?","10.1371/journal.pgen.1005616",34,149,"Y",TRUE,TRUE,2815,"Eye_Interocular_Dist_F","Morphology",TRUE,FALSE,FALSE,TRUE,FALSE,FALSE,FALSE,TRUE,TRUE,FALSE
"18",18,"Vonesch et al., 2016 (Include all 23)?","10.1371/journal.pgen.1005616",34,149,"Y",TRUE,TRUE,2815,"Eye_Interocular_Dist_M","Morphology",TRUE,FALSE,FALSE,TRUE,FALSE,FALSE,FALSE,TRUE,TRUE,FALSE
"19",19,"Brown et al., 2013","10.1111/gbb.12048",5,157,"N",FALSE,FALSE,1333,"FarPoint_Butanedione_F","Behavior",TRUE,FALSE,FALSE,FALSE,FALSE,FALSE,FALSE,FALSE,TRUE,FALSE
"20",20,"Brown et al., 2013","10.1111/gbb.12048",5,157,"N",FALSE,FALSE,1333,"FarPoint_Butanedione_M","Behavior",FALSE,FALSE,FALSE,FALSE,FALSE,FALSE,FALSE,FALSE,FALSE,FALSE
"21",21,"Grubbs et al., 2013","10.1371/journal.pone.0060261",14,117,"N",FALSE,FALSE,2644,"Femur_Length_T1_F","Morphology",FALSE,FALSE,FALSE,FALSE,FALSE,FALSE,FALSE,FALSE,FALSE,FALSE
"22",22,"Grubbs et al., 2013","10.1371/journal.pone.0060261",14,117,"N",FALSE,FALSE,2644,"Femur_Length_T1_M","Morphology",TRUE,FALSE,FALSE,FALSE,FALSE,FALSE,FALSE,FALSE,TRUE,FALSE
"23",23,"Grubbs et al., 2013","10.1371/journal.pone.0060261",14,117,"N",FALSE,FALSE,2645,"Femur_Length_T2_F","Morphology",TRUE,FALSE,FALSE,FALSE,FALSE,FALSE,FALSE,FALSE,TRUE,FALSE
"24",24,"Grubbs et al., 2013","10.1371/journal.pone.0060261",14,117,"N",FALSE,FALSE,2645,"Femur_Length_T2_M","Morphology",TRUE,FALSE,FALSE,FALSE,FALSE,FALSE,FALSE,FALSE,TRUE,FALSE
"25",25,"Garlapow et al., 2015","10.1371/journal.pone.0138129",13,183,"Y",TRUE,FALSE,2637,"Food_Intake_F","Behavior",TRUE,FALSE,TRUE,FALSE,FALSE,FALSE,TRUE,FALSE,TRUE,FALSE
"26",26,"Garlapow et al., 2015","10.1371/journal.pone.0138129",13,182,"Y",TRUE,FALSE,2637,"Food_Intake_M","Behavior",TRUE,FALSE,TRUE,FALSE,FALSE,FALSE,TRUE,FALSE,TRUE,FALSE
"27",27,"Vonesch et al., 2016 (Include all 23)?","10.1371/journal.pgen.1005616",34,149,"Y",TRUE,TRUE,2814,"Head_Width_F","Morphology",FALSE,FALSE,TRUE,FALSE,FALSE,FALSE,TRUE,FALSE,FALSE,FALSE
"28",28,"Vonesch et al., 2016 (Include all 23)?","10.1371/journal.pgen.1005616",34,149,"Y",TRUE,TRUE,2814,"Head_Width_M","Morphology",FALSE,FALSE,TRUE,FALSE,FALSE,FALSE,TRUE,FALSE,FALSE,FALSE
"29",29,"Battlay et al., 2016","10.1534/g3.116.031054",3,178,"Y",TRUE,FALSE,24,"LD50_Azinphos_Methyl_NA","Stress_Resistance",FALSE,FALSE,FALSE,FALSE,FALSE,FALSE,FALSE,FALSE,FALSE,FALSE
"30",30,"Wang et al., 2017","10.1371/journal.ppat.1006260",35,188,"Y",TRUE,TRUE,1718,"LT50_Metarhizium_Ani_F","Stress_Resistance",FALSE,FALSE,FALSE,FALSE,FALSE,FALSE,FALSE,FALSE,FALSE,FALSE
"31",31,"Wang et al., 2017","10.1371/journal.ppat.1006260",35,188,"Y",TRUE,TRUE,1718,"LT50_Metarhizium_Ani_M","Stress_Resistance",FALSE,FALSE,FALSE,FALSE,FALSE,FALSE,FALSE,FALSE,FALSE,FALSE
"32",32,"Wang et al., 2017","10.1371/journal.ppat.1006260",35,81,"Y",TRUE,TRUE,1719,"LT50_Pseudomonas_Aer_F","Stress_Resistance",TRUE,FALSE,FALSE,FALSE,FALSE,FALSE,FALSE,FALSE,TRUE,FALSE
"33",33,"Wang et al., 2017","10.1371/journal.ppat.1006260",35,81,"Y",TRUE,TRUE,1719,"LT50_Pseudomonas_Aer_M","Stress_Resistance",FALSE,FALSE,FALSE,FALSE,FALSE,FALSE,FALSE,FALSE,FALSE,FALSE
"34",34,"Najarro et al., 2017","10.1534/g3.117.041418",27,163,"Y",TRUE,FALSE,2801,"LifespanBoricAcid_F","Stress_Resistance",FALSE,FALSE,FALSE,FALSE,FALSE,FALSE,FALSE,FALSE,FALSE,FALSE
"35",35,"Huang et al., 2020","10.1371/journal.pbio.3000645",40,183,"Y",TRUE,FALSE,2858,"Lifespan_18C_F","Life_History",FALSE,FALSE,FALSE,FALSE,FALSE,FALSE,FALSE,FALSE,FALSE,FALSE
"36",36,"Huang et al., 2020","10.1371/journal.pbio.3000645",40,183,"Y",TRUE,FALSE,2858,"Lifespan_18C_M","Life_History",FALSE,FALSE,FALSE,FALSE,FALSE,FALSE,FALSE,FALSE,FALSE,FALSE
"37",37,"Huang et al., 2020","10.1371/journal.pbio.3000645",40,186,"Y",TRUE,FALSE,2859,"Lifespan_25C_F","Life_History",FALSE,FALSE,FALSE,FALSE,FALSE,FALSE,FALSE,FALSE,FALSE,FALSE
"38",38,"Huang et al., 2020","10.1371/journal.pbio.3000645",40,186,"Y",TRUE,FALSE,2859,"Lifespan_25C_M","Life_History",TRUE,FALSE,FALSE,FALSE,FALSE,FALSE,FALSE,FALSE,TRUE,FALSE
"39",39,"Huang et al., 2020","10.1371/journal.pbio.3000645",40,177,"Y",TRUE,FALSE,2860,"Lifespan_28C_F","Life_History",FALSE,FALSE,FALSE,FALSE,FALSE,FALSE,FALSE,FALSE,FALSE,FALSE
"40",40,"Huang et al., 2020","10.1371/journal.pbio.3000645",40,177,"Y",TRUE,FALSE,2860,"Lifespan_28C_M","Life_History",FALSE,FALSE,FALSE,FALSE,TRUE,FALSE,FALSE,FALSE,FALSE,TRUE
"41",41,"Najarro et al., 2015","10.1371/journal.pgen.1005663",26,164,"Y",TRUE,FALSE,2800,"Lifespan_Caffeine_F","Stress_Resistance",FALSE,FALSE,FALSE,FALSE,FALSE,FALSE,FALSE,FALSE,FALSE,FALSE
"42",42,"Brown et al., 2013","10.1111/gbb.12048",5,157,"N",FALSE,FALSE,1334,"LocRatio_Butanedione_F","Behavior",FALSE,FALSE,FALSE,FALSE,FALSE,FALSE,FALSE,FALSE,FALSE,FALSE
"43",43,"Brown et al., 2013","10.1111/gbb.12048",5,157,"N",FALSE,FALSE,1334,"LocRatio_Butanedione_M","Behavior",FALSE,FALSE,FALSE,FALSE,FALSE,FALSE,FALSE,FALSE,FALSE,FALSE
"44",44,"Weber et al., 2012","10.1371/journal.pone.0034745",36,167,"N",FALSE,FALSE,1721,"MenadioneSodBi_Resis_F","Stress_Resistance",FALSE,FALSE,FALSE,FALSE,FALSE,FALSE,FALSE,FALSE,FALSE,FALSE
"45",45,"Weber et al., 2012","10.1371/journal.pone.0034745",36,167,"N",FALSE,FALSE,1721,"MenadioneSodBi_Resis_M","Stress_Resistance",FALSE,FALSE,FALSE,FALSE,FALSE,FALSE,FALSE,FALSE,FALSE,FALSE
"46",46,"Chaston et al., 2016","10.1128/AEM.03301-15",7,79,"N",FALSE,FALSE,1234,"Microbiota_OTU001_M","Physiology",FALSE,FALSE,FALSE,FALSE,TRUE,FALSE,FALSE,FALSE,FALSE,TRUE
"47",47,"Chaston et al., 2016","10.1128/AEM.03301-15",7,79,"N",FALSE,FALSE,1235,"Microbiota_OTU002_M","Physiology",FALSE,FALSE,FALSE,FALSE,FALSE,FALSE,FALSE,FALSE,FALSE,FALSE
"48",48,"Chaston et al., 2016","10.1128/AEM.03301-15",7,79,"N",FALSE,FALSE,1236,"Microbiota_OTU003_M","Physiology",FALSE,FALSE,FALSE,FALSE,FALSE,FALSE,FALSE,FALSE,FALSE,FALSE
"49",49,"Chaston et al., 2016","10.1128/AEM.03301-15",7,79,"N",FALSE,FALSE,1237,"Microbiota_OTU004_M","Physiology",FALSE,FALSE,FALSE,FALSE,FALSE,FALSE,FALSE,FALSE,FALSE,FALSE
"50",50,"Chaston et al., 2016","10.1128/AEM.03301-15",7,79,"N",FALSE,FALSE,1238,"Microbiota_OTU005_M","Physiology",FALSE,FALSE,FALSE,FALSE,FALSE,FALSE,FALSE,FALSE,FALSE,FALSE
"51",51,"Chaston et al., 2016","10.1128/AEM.03301-15",7,79,"N",FALSE,FALSE,1239,"Microbiota_OTU006_M","Physiology",FALSE,FALSE,TRUE,FALSE,FALSE,FALSE,TRUE,FALSE,FALSE,FALSE
"52",52,"Chaston et al., 2016","10.1128/AEM.03301-15",7,79,"N",FALSE,FALSE,1240,"Microbiota_OTU007_M","Physiology",FALSE,FALSE,FALSE,FALSE,FALSE,FALSE,FALSE,FALSE,FALSE,FALSE
"53",53,"Chaston et al., 2016","10.1128/AEM.03301-15",7,79,"N",FALSE,FALSE,1241,"Microbiota_OTU008_M","Physiology",FALSE,FALSE,FALSE,FALSE,TRUE,FALSE,FALSE,FALSE,FALSE,TRUE
"54",54,"Chaston et al., 2016","10.1128/AEM.03301-15",7,79,"N",FALSE,FALSE,1242,"Microbiota_OTU009_M","Physiology",FALSE,FALSE,FALSE,TRUE,FALSE,FALSE,FALSE,TRUE,FALSE,FALSE
"55",55,"Chaston et al., 2016","10.1128/AEM.03301-15",7,79,"N",FALSE,FALSE,1243,"Microbiota_OTU010_M","Physiology",FALSE,FALSE,TRUE,FALSE,FALSE,FALSE,TRUE,FALSE,FALSE,FALSE
"56",56,"Chaston et al., 2016","10.1128/AEM.03301-15",7,79,"N",FALSE,FALSE,1244,"Microbiota_OTU011_M","Physiology",FALSE,FALSE,FALSE,FALSE,FALSE,FALSE,FALSE,FALSE,FALSE,FALSE
"57",57,"Chaston et al., 2016","10.1128/AEM.03301-15",7,79,"N",FALSE,FALSE,1245,"Microbiota_OTU012_M","Physiology",FALSE,FALSE,FALSE,FALSE,FALSE,FALSE,FALSE,FALSE,FALSE,FALSE
"58",58,"Chaston et al., 2016","10.1128/AEM.03301-15",7,79,"N",FALSE,FALSE,1246,"Microbiota_OTU013_M","Physiology",FALSE,FALSE,TRUE,FALSE,FALSE,FALSE,TRUE,FALSE,FALSE,FALSE
"59",59,"Chaston et al., 2016","10.1128/AEM.03301-15",7,79,"N",FALSE,FALSE,1247,"Microbiota_OTU014_M","Physiology",FALSE,FALSE,TRUE,FALSE,FALSE,FALSE,TRUE,FALSE,FALSE,FALSE
"60",60,"Chaston et al., 2016","10.1128/AEM.03301-15",7,79,"N",FALSE,FALSE,1248,"Microbiota_OTU015_M","Physiology",FALSE,FALSE,FALSE,FALSE,TRUE,FALSE,FALSE,FALSE,FALSE,TRUE
"61",61,"Chaston et al., 2016","10.1128/AEM.03301-15",7,79,"N",FALSE,FALSE,1249,"Microbiota_OTU016_M","Physiology",FALSE,FALSE,FALSE,FALSE,FALSE,FALSE,FALSE,FALSE,FALSE,FALSE
"62",62,"Chaston et al., 2016","10.1128/AEM.03301-15",7,79,"N",FALSE,FALSE,1250,"Microbiota_OTU017_M","Physiology",FALSE,FALSE,FALSE,FALSE,FALSE,FALSE,FALSE,FALSE,FALSE,FALSE
"63",63,"Chaston et al., 2016","10.1128/AEM.03301-15",7,79,"N",FALSE,FALSE,1251,"Microbiota_OTU018_M","Physiology",FALSE,FALSE,FALSE,FALSE,FALSE,FALSE,FALSE,FALSE,FALSE,FALSE
"64",64,"Chaston et al., 2016","10.1128/AEM.03301-15",7,79,"N",FALSE,FALSE,1252,"Microbiota_OTU019_M","Physiology",FALSE,FALSE,TRUE,FALSE,FALSE,FALSE,TRUE,FALSE,FALSE,FALSE
"65",65,"Chaston et al., 2016","10.1128/AEM.03301-15",7,79,"N",FALSE,FALSE,1253,"Microbiota_OTU020_M","Physiology",FALSE,FALSE,TRUE,FALSE,FALSE,FALSE,TRUE,FALSE,FALSE,FALSE
"66",66,"Chaston et al., 2016","10.1128/AEM.03301-15",7,79,"N",FALSE,FALSE,1254,"Microbiota_OTU021_M","Physiology",FALSE,FALSE,FALSE,FALSE,TRUE,FALSE,FALSE,FALSE,FALSE,TRUE
"67",67,"Chaston et al., 2016","10.1128/AEM.03301-15",7,79,"N",FALSE,FALSE,1255,"Microbiota_OTU022_M","Physiology",FALSE,FALSE,FALSE,FALSE,FALSE,FALSE,FALSE,FALSE,FALSE,FALSE
"68",68,"Chaston et al., 2016","10.1128/AEM.03301-15",7,79,"N",FALSE,FALSE,1256,"Microbiota_OTU023_M","Physiology",TRUE,FALSE,FALSE,FALSE,FALSE,FALSE,FALSE,FALSE,TRUE,FALSE
"69",69,"Chaston et al., 2016","10.1128/AEM.03301-15",7,79,"N",FALSE,FALSE,1257,"Microbiota_OTU024_M","Physiology",FALSE,FALSE,FALSE,FALSE,TRUE,FALSE,FALSE,FALSE,FALSE,TRUE
"70",70,"Chaston et al., 2016","10.1128/AEM.03301-15",7,79,"N",FALSE,FALSE,1258,"Microbiota_OTU025_M","Physiology",FALSE,FALSE,TRUE,FALSE,FALSE,FALSE,TRUE,FALSE,FALSE,FALSE
"71",71,"Chaston et al., 2016","10.1128/AEM.03301-15",7,79,"N",FALSE,FALSE,1259,"Microbiota_OTU026_M","Physiology",FALSE,FALSE,FALSE,FALSE,FALSE,FALSE,FALSE,FALSE,FALSE,FALSE
"72",72,"Chaston et al., 2016","10.1128/AEM.03301-15",7,79,"N",FALSE,FALSE,1260,"Microbiota_OTU027_M","Physiology",FALSE,FALSE,FALSE,FALSE,FALSE,FALSE,FALSE,FALSE,FALSE,FALSE
"73",73,"Chaston et al., 2016","10.1128/AEM.03301-15",7,79,"N",FALSE,FALSE,1261,"Microbiota_OTU028_M","Physiology",FALSE,FALSE,FALSE,FALSE,FALSE,FALSE,FALSE,FALSE,FALSE,FALSE
"74",74,"Chaston et al., 2016","10.1128/AEM.03301-15",7,79,"N",FALSE,FALSE,1262,"Microbiota_OTU029_M","Physiology",FALSE,FALSE,TRUE,FALSE,FALSE,FALSE,TRUE,FALSE,FALSE,FALSE
"75",75,"Chaston et al., 2016","10.1128/AEM.03301-15",7,79,"N",FALSE,FALSE,1263,"Microbiota_OTU030_M","Physiology",FALSE,FALSE,FALSE,FALSE,FALSE,FALSE,FALSE,FALSE,FALSE,FALSE
"76",76,"Chaston et al., 2016","10.1128/AEM.03301-15",7,79,"N",FALSE,FALSE,1264,"Microbiota_OTU031_M","Physiology",FALSE,FALSE,FALSE,FALSE,FALSE,FALSE,FALSE,FALSE,FALSE,FALSE
"77",77,"Chaston et al., 2016","10.1128/AEM.03301-15",7,79,"N",FALSE,FALSE,1265,"Microbiota_OTU032_M","Physiology",FALSE,FALSE,FALSE,FALSE,FALSE,FALSE,FALSE,FALSE,FALSE,FALSE
"78",78,"Chaston et al., 2016","10.1128/AEM.03301-15",7,79,"N",FALSE,FALSE,1266,"Microbiota_OTU033_M","Physiology",FALSE,FALSE,TRUE,FALSE,FALSE,FALSE,TRUE,FALSE,FALSE,FALSE
"79",79,"Chaston et al., 2016","10.1128/AEM.03301-15",7,79,"N",FALSE,FALSE,1267,"Microbiota_OTU034_M","Physiology",FALSE,FALSE,FALSE,FALSE,FALSE,FALSE,FALSE,FALSE,FALSE,FALSE
"80",80,"Chaston et al., 2016","10.1128/AEM.03301-15",7,79,"N",FALSE,FALSE,1268,"Microbiota_OTU035_M","Physiology",FALSE,FALSE,FALSE,FALSE,FALSE,FALSE,FALSE,FALSE,FALSE,FALSE
"81",81,"Chaston et al., 2016","10.1128/AEM.03301-15",7,79,"N",FALSE,FALSE,1269,"Microbiota_OTU037_M","Physiology",TRUE,FALSE,FALSE,FALSE,FALSE,FALSE,FALSE,FALSE,TRUE,FALSE
"82",82,"Chaston et al., 2016","10.1128/AEM.03301-15",7,79,"N",FALSE,FALSE,1270,"Microbiota_OTU040_M","Physiology",FALSE,FALSE,TRUE,TRUE,FALSE,FALSE,TRUE,TRUE,FALSE,FALSE
"83",83,"Chaston et al., 2016","10.1128/AEM.03301-15",7,79,"N",FALSE,FALSE,1271,"Microbiota_OTU041_M","Physiology",FALSE,FALSE,FALSE,FALSE,FALSE,FALSE,FALSE,FALSE,FALSE,FALSE
"84",84,"Chaston et al., 2016","10.1128/AEM.03301-15",7,79,"N",FALSE,FALSE,1272,"Microbiota_OTU042_M","Physiology",FALSE,FALSE,FALSE,FALSE,FALSE,FALSE,FALSE,FALSE,FALSE,FALSE
"85",85,"Chaston et al., 2016","10.1128/AEM.03301-15",7,79,"N",FALSE,FALSE,1273,"Microbiota_OTU044_M","Physiology",FALSE,FALSE,FALSE,FALSE,FALSE,FALSE,FALSE,FALSE,FALSE,FALSE
"86",86,"Chaston et al., 2016","10.1128/AEM.03301-15",7,79,"N",FALSE,FALSE,1274,"Microbiota_OTU045_M","Physiology",FALSE,FALSE,FALSE,FALSE,FALSE,FALSE,FALSE,FALSE,FALSE,FALSE
"87",87,"Chaston et al., 2016","10.1128/AEM.03301-15",7,79,"N",FALSE,FALSE,1275,"Microbiota_OTU046_M","Physiology",FALSE,FALSE,FALSE,FALSE,FALSE,FALSE,FALSE,FALSE,FALSE,FALSE
"88",88,"Chaston et al., 2016","10.1128/AEM.03301-15",7,79,"N",FALSE,FALSE,1276,"Microbiota_OTU047_M","Physiology",FALSE,FALSE,FALSE,FALSE,FALSE,FALSE,FALSE,FALSE,FALSE,FALSE
"89",89,"Chaston et al., 2016","10.1128/AEM.03301-15",7,79,"N",FALSE,FALSE,1277,"Microbiota_OTU048_M","Physiology",FALSE,FALSE,FALSE,FALSE,FALSE,FALSE,FALSE,FALSE,FALSE,FALSE
"90",90,"Chaston et al., 2016","10.1128/AEM.03301-15",7,79,"N",FALSE,FALSE,1278,"Microbiota_OTU050_M","Physiology",FALSE,FALSE,FALSE,FALSE,FALSE,FALSE,FALSE,FALSE,FALSE,FALSE
"91",91,"Chaston et al., 2016","10.1128/AEM.03301-15",7,79,"N",FALSE,FALSE,1279,"Microbiota_OTU051_M","Physiology",FALSE,FALSE,FALSE,FALSE,FALSE,FALSE,FALSE,FALSE,FALSE,FALSE
"92",92,"Chaston et al., 2016","10.1128/AEM.03301-15",7,79,"N",FALSE,FALSE,1280,"Microbiota_OTU052_M","Physiology",FALSE,FALSE,FALSE,TRUE,FALSE,FALSE,FALSE,TRUE,FALSE,FALSE
"93",93,"Chaston et al., 2016","10.1128/AEM.03301-15",7,79,"N",FALSE,FALSE,1281,"Microbiota_OTU053_M","Physiology",FALSE,FALSE,FALSE,FALSE,FALSE,FALSE,FALSE,FALSE,FALSE,FALSE
"94",94,"Chaston et al., 2016","10.1128/AEM.03301-15",7,79,"N",FALSE,FALSE,1282,"Microbiota_OTU056_M","Physiology",FALSE,FALSE,FALSE,FALSE,FALSE,FALSE,FALSE,FALSE,FALSE,FALSE
"95",95,"Chaston et al., 2016","10.1128/AEM.03301-15",7,79,"N",FALSE,FALSE,1283,"Microbiota_OTU058_M","Physiology",TRUE,FALSE,FALSE,TRUE,FALSE,FALSE,FALSE,TRUE,TRUE,FALSE
"96",96,"Chaston et al., 2016","10.1128/AEM.03301-15",7,79,"N",FALSE,FALSE,1284,"Microbiota_OTU060_M","Physiology",FALSE,FALSE,FALSE,FALSE,FALSE,FALSE,FALSE,FALSE,FALSE,FALSE
"97",97,"Chaston et al., 2016","10.1128/AEM.03301-15",7,79,"N",FALSE,FALSE,1285,"Microbiota_OTU063_M","Physiology",FALSE,FALSE,FALSE,TRUE,FALSE,FALSE,FALSE,TRUE,FALSE,FALSE
"98",98,"Chaston et al., 2016","10.1128/AEM.03301-15",7,79,"N",FALSE,FALSE,1286,"Microbiota_OTU068_M","Physiology",FALSE,FALSE,FALSE,FALSE,FALSE,FALSE,FALSE,FALSE,FALSE,FALSE
"99",99,"Chaston et al., 2016","10.1128/AEM.03301-15",7,79,"N",FALSE,FALSE,1287,"Microbiota_OTU069_M","Physiology",FALSE,FALSE,FALSE,FALSE,FALSE,FALSE,FALSE,FALSE,FALSE,FALSE
"100",100,"Chaston et al., 2016","10.1128/AEM.03301-15",7,79,"N",FALSE,FALSE,1288,"Microbiota_OTU073_M","Physiology",FALSE,FALSE,FALSE,FALSE,FALSE,FALSE,FALSE,FALSE,FALSE,FALSE
"101",101,"Chaston et al., 2016","10.1128/AEM.03301-15",7,79,"N",FALSE,FALSE,1289,"Microbiota_OTU074_M","Physiology",FALSE,FALSE,FALSE,FALSE,FALSE,FALSE,FALSE,FALSE,FALSE,FALSE
"102",102,"Chaston et al., 2016","10.1128/AEM.03301-15",7,79,"N",FALSE,FALSE,1290,"Microbiota_OTU077_M","Physiology",FALSE,FALSE,FALSE,FALSE,FALSE,FALSE,FALSE,FALSE,FALSE,FALSE
"103",103,"Chaston et al., 2016","10.1128/AEM.03301-15",7,79,"N",FALSE,FALSE,1291,"Microbiota_OTU081_M","Physiology",FALSE,FALSE,FALSE,FALSE,FALSE,FALSE,FALSE,FALSE,FALSE,FALSE
"104",104,"Chaston et al., 2016","10.1128/AEM.03301-15",7,79,"N",FALSE,FALSE,1292,"Microbiota_OTU082_M","Physiology",FALSE,FALSE,FALSE,FALSE,FALSE,FALSE,FALSE,FALSE,FALSE,FALSE
"105",105,"Chaston et al., 2016","10.1128/AEM.03301-15",7,79,"N",FALSE,FALSE,1293,"Microbiota_OTU087_M","Physiology",TRUE,FALSE,FALSE,FALSE,FALSE,FALSE,FALSE,FALSE,TRUE,FALSE
"106",106,"Chaston et al., 2016","10.1128/AEM.03301-15",7,79,"N",FALSE,FALSE,1294,"Microbiota_OTU090_M","Physiology",FALSE,FALSE,FALSE,FALSE,FALSE,FALSE,FALSE,FALSE,FALSE,FALSE
"107",107,"Chaston et al., 2016","10.1128/AEM.03301-15",7,79,"N",FALSE,FALSE,1295,"Microbiota_OTU091_M","Physiology",FALSE,FALSE,FALSE,FALSE,FALSE,FALSE,FALSE,FALSE,FALSE,FALSE
"108",108,"Chaston et al., 2016","10.1128/AEM.03301-15",7,79,"N",FALSE,FALSE,1296,"Microbiota_OTU110_M","Physiology",TRUE,FALSE,FALSE,FALSE,FALSE,FALSE,FALSE,FALSE,TRUE,FALSE
"109",109,"Chaston et al., 2016","10.1128/AEM.03301-15",7,79,"N",FALSE,FALSE,1297,"Microbiota_OTU115_M","Physiology",TRUE,FALSE,FALSE,TRUE,FALSE,FALSE,FALSE,TRUE,TRUE,FALSE
"110",110,"Chaston et al., 2016","10.1128/AEM.03301-15",7,79,"N",FALSE,FALSE,1298,"Microbiota_OTU121_M","Physiology",FALSE,FALSE,FALSE,FALSE,FALSE,FALSE,FALSE,FALSE,FALSE,FALSE
"111",111,"Chaston et al., 2016","10.1128/AEM.03301-15",7,79,"N",FALSE,FALSE,1299,"Microbiota_OTU124_M","Physiology",TRUE,TRUE,FALSE,FALSE,FALSE,TRUE,FALSE,FALSE,TRUE,FALSE
"112",112,"Chaston et al., 2016","10.1128/AEM.03301-15",7,79,"N",FALSE,FALSE,1300,"Microbiota_OTU127_M","Physiology",FALSE,FALSE,FALSE,FALSE,FALSE,FALSE,FALSE,FALSE,FALSE,FALSE
"113",113,"Chaston et al., 2016","10.1128/AEM.03301-15",7,79,"N",FALSE,FALSE,1301,"Microbiota_OTU134_M","Physiology",FALSE,FALSE,FALSE,FALSE,FALSE,FALSE,FALSE,FALSE,FALSE,FALSE
"114",114,"Chaston et al., 2016","10.1128/AEM.03301-15",7,79,"N",FALSE,FALSE,1302,"Microbiota_OTU137_M","Physiology",TRUE,FALSE,FALSE,TRUE,FALSE,FALSE,FALSE,TRUE,TRUE,FALSE
"115",115,"Chaston et al., 2016","10.1128/AEM.03301-15",7,79,"N",FALSE,FALSE,1303,"Microbiota_OTU154_M","Physiology",FALSE,FALSE,FALSE,FALSE,FALSE,FALSE,FALSE,FALSE,FALSE,FALSE
"116",116,"Chaston et al., 2016","10.1128/AEM.03301-15",7,79,"N",FALSE,FALSE,1304,"Microbiota_OTU160_M","Physiology",FALSE,FALSE,TRUE,FALSE,FALSE,FALSE,TRUE,FALSE,FALSE,FALSE
"117",117,"Chaston et al., 2016","10.1128/AEM.03301-15",7,79,"N",FALSE,FALSE,1305,"Microbiota_OTU166_M","Physiology",FALSE,FALSE,FALSE,FALSE,FALSE,FALSE,FALSE,FALSE,FALSE,FALSE
"118",118,"Chaston et al., 2016","10.1128/AEM.03301-15",7,79,"N",FALSE,FALSE,1306,"Microbiota_OTU170_M","Physiology",FALSE,FALSE,FALSE,FALSE,FALSE,FALSE,FALSE,FALSE,FALSE,FALSE
"119",119,"Chaston et al., 2016","10.1128/AEM.03301-15",7,79,"N",FALSE,FALSE,1307,"Microbiota_OTU171_M","Physiology",FALSE,FALSE,FALSE,FALSE,FALSE,FALSE,FALSE,FALSE,FALSE,FALSE
"120",120,"Chaston et al., 2016","10.1128/AEM.03301-15",7,79,"N",FALSE,FALSE,1308,"Microbiota_OTU172_M","Physiology",FALSE,FALSE,FALSE,FALSE,FALSE,FALSE,FALSE,FALSE,FALSE,FALSE
"121",121,"Chaston et al., 2016","10.1128/AEM.03301-15",7,79,"N",FALSE,FALSE,1309,"Microbiota_OTU173_M","Physiology",FALSE,FALSE,FALSE,FALSE,FALSE,FALSE,FALSE,FALSE,FALSE,FALSE
"122",122,"Richardson et al., 2012","10.1371/journal.pgen.1003129",28,174,"N",FALSE,FALSE,1622,"Mitochon_Breadth_Cov_NA","Physiology",FALSE,FALSE,FALSE,FALSE,FALSE,FALSE,FALSE,FALSE,FALSE,FALSE
"123",123,"Richardson et al., 2012","10.1371/journal.pgen.1003129",28,174,"N",FALSE,FALSE,1619,"Mitochon_Consens_Dif_NA","Physiology",TRUE,TRUE,FALSE,FALSE,FALSE,TRUE,FALSE,FALSE,TRUE,FALSE
"124",124,"Richardson et al., 2012","10.1371/journal.pgen.1003129",28,174,"N",FALSE,FALSE,1618,"Mitochon_Consens_Len_NA","Physiology",TRUE,TRUE,FALSE,FALSE,FALSE,TRUE,FALSE,FALSE,TRUE,FALSE
"125",125,"Richardson et al., 2012","10.1371/journal.pgen.1003129",28,174,"N",FALSE,FALSE,1617,"Mitochon_Depth_Cov_NA","Physiology",FALSE,FALSE,FALSE,FALSE,FALSE,FALSE,FALSE,FALSE,FALSE,FALSE
"126",126,"Richardson et al., 2012","10.1371/journal.pgen.1003129",28,174,"N",FALSE,FALSE,1632,"Mitochon_Hap_COI2160_NA","Physiology",FALSE,FALSE,FALSE,FALSE,FALSE,FALSE,FALSE,FALSE,FALSE,FALSE
"127",127,"Richardson et al., 2012","10.1371/journal.pgen.1003129",28,174,"N",FALSE,FALSE,1633,"Mitochon_Hap_COI2187_NA","Physiology",FALSE,FALSE,FALSE,FALSE,FALSE,FALSE,FALSE,FALSE,FALSE,FALSE
"128",128,"Richardson et al., 2012","10.1371/journal.pgen.1003129",28,174,"N",FALSE,FALSE,1634,"Mitochon_Haplotype_NA","Physiology",FALSE,FALSE,FALSE,TRUE,FALSE,FALSE,FALSE,TRUE,FALSE,FALSE
"129",129,"Richardson et al., 2012","10.1371/journal.pgen.1003129",28,174,"N",FALSE,FALSE,1615,"Mitochon_Mapped_Read_NA","Physiology",FALSE,FALSE,FALSE,FALSE,FALSE,FALSE,FALSE,FALSE,FALSE,FALSE
"130",130,"Richardson et al., 2012","10.1371/journal.pgen.1003129",28,174,"N",FALSE,FALSE,1631,"Mitochondrial_Clade_NA","Physiology",FALSE,FALSE,FALSE,FALSE,FALSE,FALSE,FALSE,FALSE,FALSE,FALSE
"131",131,"Richardson et al., 2012","10.1371/journal.pgen.1003129",28,174,"N",FALSE,FALSE,1630,"Nuclear_Breadth_Cov_NA","Physiology",FALSE,FALSE,FALSE,FALSE,FALSE,FALSE,FALSE,FALSE,FALSE,FALSE
"132",132,"Richardson et al., 2012","10.1371/journal.pgen.1003129",28,174,"N",FALSE,FALSE,1627,"Nuclear_Consensu_Dif_NA","Physiology",FALSE,FALSE,FALSE,FALSE,FALSE,FALSE,FALSE,FALSE,FALSE,FALSE
"133",133,"Richardson et al., 2012","10.1371/journal.pgen.1003129",28,174,"N",FALSE,FALSE,1626,"Nuclear_Consensu_Len_NA","Physiology",FALSE,FALSE,FALSE,FALSE,FALSE,FALSE,FALSE,FALSE,FALSE,FALSE
"134",134,"Richardson et al., 2012","10.1371/journal.pgen.1003129",28,174,"N",FALSE,FALSE,1625,"Nuclear_Depth_Cov_NA","Physiology",FALSE,FALSE,FALSE,FALSE,FALSE,FALSE,FALSE,FALSE,FALSE,FALSE
"135",135,"Unckless et al., 2015","10.1534/g3.114.016477",32,147,"N",FALSE,FALSE,1703,"PC1_Nutri_Score_High_M","Physiology",FALSE,FALSE,FALSE,FALSE,FALSE,FALSE,FALSE,FALSE,FALSE,FALSE
"136",136,"Unckless et al., 2015","10.1534/g3.114.016477",32,150,"N",FALSE,FALSE,1698,"PC1_Nutri_Score_Low_M","Physiology",FALSE,FALSE,FALSE,FALSE,FALSE,FALSE,FALSE,FALSE,FALSE,FALSE
"137",137,"Unckless et al., 2015","10.1534/g3.114.016477",32,147,"N",FALSE,FALSE,1704,"PC2_Nutri_Score_High_M","Physiology",FALSE,FALSE,FALSE,TRUE,FALSE,FALSE,FALSE,TRUE,FALSE,FALSE
"138",138,"Unckless et al., 2015","10.1534/g3.114.016477",32,150,"N",FALSE,FALSE,1699,"PC2_Nutri_Score_Low_M","Physiology",FALSE,FALSE,FALSE,FALSE,FALSE,FALSE,FALSE,FALSE,FALSE,FALSE
"139",139,"Unckless et al., 2015","10.1534/g3.114.016477",32,147,"N",FALSE,FALSE,1705,"PC3_Nutri_Score_High_M","Physiology",FALSE,FALSE,FALSE,FALSE,FALSE,FALSE,FALSE,FALSE,FALSE,FALSE
"140",140,"Unckless et al., 2015","10.1534/g3.114.016477",32,150,"N",FALSE,FALSE,1700,"PC3_Nutri_Score_Low_M","Physiology",FALSE,FALSE,FALSE,TRUE,FALSE,FALSE,FALSE,TRUE,FALSE,FALSE
"141",141,"Unckless et al., 2015","10.1534/g3.114.016477",32,147,"N",FALSE,FALSE,1706,"PC4_Nutri_Score_High_M","Physiology",FALSE,FALSE,FALSE,TRUE,FALSE,FALSE,FALSE,TRUE,FALSE,FALSE
"142",142,"Unckless et al., 2015","10.1534/g3.114.016477",32,150,"N",FALSE,FALSE,1701,"PC4_Nutri_Score_Low_M","Physiology",FALSE,FALSE,FALSE,FALSE,FALSE,FALSE,FALSE,FALSE,FALSE,FALSE
"143",143,"Unckless et al., 2015","10.1534/g3.114.016477",32,147,"N",FALSE,FALSE,1707,"PC5_Nutri_Score_High_M","Physiology",FALSE,FALSE,FALSE,FALSE,FALSE,FALSE,FALSE,FALSE,FALSE,FALSE
"144",144,"Unckless et al., 2015","10.1534/g3.114.016477",32,150,"N",FALSE,FALSE,1702,"PC5_Nutri_Score_Low_M","Physiology",FALSE,FALSE,FALSE,FALSE,FALSE,FALSE,FALSE,FALSE,FALSE,FALSE
"145",145,"Bou Sleiman et al., 2015","10.1038/ncomms8829",4,140,"N",FALSE,FALSE,1330,"PE_FracDead_3d_F","Stress_Resistance",FALSE,FALSE,FALSE,FALSE,FALSE,FALSE,FALSE,FALSE,FALSE,FALSE
"146",146,"Weber et al., 2012","10.1371/journal.pone.0034745",36,167,"N",FALSE,FALSE,1720,"Paraquat_Resistance_F","Stress_Resistance",FALSE,FALSE,FALSE,FALSE,FALSE,FALSE,FALSE,FALSE,FALSE,FALSE
"147",147,"Weber et al., 2012","10.1371/journal.pone.0034745",36,167,"N",FALSE,FALSE,1720,"Paraquat_Resistance_M","Stress_Resistance",FALSE,FALSE,FALSE,FALSE,FALSE,FALSE,FALSE,FALSE,FALSE,FALSE
"148",148,"Brown et al., 2013","10.1111/gbb.12048",5,157,"N",FALSE,FALSE,1331,"Resp_Butanedion_30pc_F","Behavior",FALSE,FALSE,FALSE,FALSE,FALSE,FALSE,FALSE,FALSE,FALSE,FALSE
"149",149,"Brown et al., 2013","10.1111/gbb.12048",5,157,"N",FALSE,FALSE,1331,"Resp_Butanedion_30pc_M","Behavior",FALSE,FALSE,FALSE,FALSE,FALSE,FALSE,FALSE,FALSE,FALSE,FALSE
"150",150,"Brown et al., 2013","10.1111/gbb.12048",5,157,"N",FALSE,FALSE,1332,"Resp_Butanedion_90pc_F","Behavior",TRUE,FALSE,FALSE,FALSE,FALSE,FALSE,FALSE,FALSE,TRUE,FALSE
"151",151,"Brown et al., 2013","10.1111/gbb.12048",5,157,"N",FALSE,FALSE,1332,"Resp_Butanedion_90pc_M","Behavior",FALSE,FALSE,TRUE,FALSE,FALSE,FALSE,TRUE,FALSE,FALSE,FALSE
"152",152,"Harbison et al., 2018","10.1007/s10519-018-9932-0",39,167,"Y",TRUE,FALSE,1738,"Rhythmicity_Index_F","Behavior",FALSE,FALSE,FALSE,FALSE,FALSE,FALSE,FALSE,FALSE,FALSE,FALSE
"153",153,"Harbison et al., 2018","10.1007/s10519-018-9932-0",39,167,"Y",TRUE,FALSE,1738,"Rhythmicity_Index_M","Behavior",FALSE,FALSE,FALSE,FALSE,FALSE,FALSE,FALSE,FALSE,FALSE,FALSE
"154",154,"Vonesch et al., 2016 (Include all 23)?","10.1371/journal.pgen.1005616",34,149,"Y",TRUE,TRUE,2816,"Shoulder_Width_F","Morphology",FALSE,FALSE,FALSE,TRUE,FALSE,FALSE,FALSE,TRUE,FALSE,FALSE
"155",155,"Vonesch et al., 2016 (Include all 23)?","10.1371/journal.pgen.1005616",34,149,"Y",TRUE,TRUE,2816,"Shoulder_Width_M","Morphology",FALSE,FALSE,FALSE,FALSE,FALSE,FALSE,FALSE,FALSE,FALSE,FALSE
"156",156,"Morgante et al., 2015","10.1038/srep09785",24,201,"Y",TRUE,FALSE,2799,"StartleRes_F","Behavior",FALSE,FALSE,FALSE,TRUE,FALSE,FALSE,FALSE,TRUE,FALSE,FALSE
"157",157,"Morgante et al., 2015","10.1038/srep09785",24,201,"Y",TRUE,FALSE,2799,"StartleRes_M","Behavior",FALSE,FALSE,FALSE,FALSE,FALSE,FALSE,FALSE,FALSE,FALSE,FALSE
"158",158,"Morgante et al., 2015","10.1038/srep09785",24,197,"Y",TRUE,FALSE,2798,"StarvationRes_F","Stress_Resistance",FALSE,FALSE,FALSE,FALSE,FALSE,FALSE,FALSE,FALSE,FALSE,FALSE
"159",159,"Morgante et al., 2015","10.1038/srep09785",24,197,"Y",TRUE,FALSE,2798,"StarvationRes_M","Stress_Resistance",FALSE,FALSE,FALSE,TRUE,FALSE,FALSE,FALSE,TRUE,FALSE,FALSE
"160",160,"Mitchell et al., 2017","10.1371/journal.pone.0173162",22,186,"Y",TRUE,FALSE,2614,"Surv_AAmanitin_0_2ug_NA","Stress_Resistance",FALSE,FALSE,FALSE,FALSE,FALSE,FALSE,FALSE,FALSE,FALSE,FALSE
"161",161,"Mitchell et al., 2017","10.1371/journal.pone.0173162",22,186,"Y",TRUE,FALSE,2615,"Surv_AAmanitin_2ug_NA","Stress_Resistance",FALSE,FALSE,FALSE,FALSE,FALSE,FALSE,FALSE,FALSE,FALSE,FALSE
"162",162,"Vaisnav et al., 2014","10.1371/journal.pone.0104858",33,161,"N",FALSE,FALSE,2811,"Survival_Radiation_M","Stress_Resistance",FALSE,FALSE,FALSE,FALSE,FALSE,FALSE,FALSE,FALSE,FALSE,FALSE
"163",163,"Grubbs et al., 2013","10.1371/journal.pone.0060261",14,117,"N",FALSE,FALSE,2648,"Tarsus_Length_T1_F","Morphology",FALSE,FALSE,FALSE,FALSE,FALSE,FALSE,FALSE,FALSE,FALSE,FALSE
"164",164,"Grubbs et al., 2013","10.1371/journal.pone.0060261",14,117,"N",FALSE,FALSE,2648,"Tarsus_Length_T1_M","Morphology",FALSE,FALSE,FALSE,FALSE,FALSE,FALSE,FALSE,FALSE,FALSE,FALSE
"165",165,"Grubbs et al., 2013","10.1371/journal.pone.0060261",14,117,"N",FALSE,FALSE,2649,"Tarsus_Length_T2_F","Morphology",FALSE,FALSE,FALSE,FALSE,FALSE,FALSE,FALSE,FALSE,FALSE,FALSE
"166",166,"Grubbs et al., 2013","10.1371/journal.pone.0060261",14,117,"N",FALSE,FALSE,2649,"Tarsus_Length_T2_M","Morphology",TRUE,FALSE,FALSE,FALSE,FALSE,FALSE,FALSE,FALSE,TRUE,FALSE
"167",167,"Vonesch et al., 2016 (Include all 23)?","10.1371/journal.pgen.1005616",34,149,"Y",TRUE,TRUE,2817,"Thorax_Length_F","Morphology",FALSE,FALSE,FALSE,TRUE,FALSE,FALSE,FALSE,TRUE,FALSE,FALSE
"168",168,"Vonesch et al., 2016 (Include all 23)?","10.1371/journal.pgen.1005616",34,149,"Y",TRUE,TRUE,2817,"Thorax_Length_M","Morphology",FALSE,FALSE,FALSE,FALSE,FALSE,FALSE,FALSE,FALSE,FALSE,FALSE
"169",169,"Grubbs et al., 2013","10.1371/journal.pone.0060261",14,117,"N",FALSE,FALSE,2646,"Tibia_Length_T1_F","Morphology",FALSE,FALSE,FALSE,FALSE,FALSE,FALSE,FALSE,FALSE,FALSE,FALSE
"170",170,"Grubbs et al., 2013","10.1371/journal.pone.0060261",14,117,"N",FALSE,FALSE,2646,"Tibia_Length_T1_M","Morphology",FALSE,FALSE,FALSE,FALSE,FALSE,FALSE,FALSE,FALSE,FALSE,FALSE
"171",171,"Grubbs et al., 2013","10.1371/journal.pone.0060261",14,117,"N",FALSE,FALSE,2647,"Tibia_Length_T2_F","Morphology",TRUE,FALSE,FALSE,FALSE,FALSE,FALSE,FALSE,FALSE,TRUE,FALSE
"172",172,"Grubbs et al., 2013","10.1371/journal.pone.0060261",14,117,"N",FALSE,FALSE,2647,"Tibia_Length_T2_M","Morphology",TRUE,FALSE,FALSE,FALSE,FALSE,FALSE,FALSE,FALSE,TRUE,FALSE
"173",173,"Howick et al., 2017","10.1111/mec.14017",16,156,"N",FALSE,FALSE,1501,"Tolerance_PRettgeri_F","Stress_Resistance",FALSE,TRUE,FALSE,TRUE,FALSE,TRUE,FALSE,TRUE,FALSE,FALSE
"174",174,"Brown et al., 2013","10.1111/gbb.12048",5,157,"N",FALSE,FALSE,1335,"TotArea_Butanedione_F","Behavior",FALSE,FALSE,FALSE,FALSE,FALSE,FALSE,FALSE,FALSE,FALSE,FALSE
"175",175,"Brown et al., 2013","10.1111/gbb.12048",5,157,"N",FALSE,FALSE,1335,"TotArea_Butanedione_M","Behavior",FALSE,FALSE,FALSE,TRUE,FALSE,FALSE,FALSE,TRUE,FALSE,FALSE
"176",176,"Grubbs et al., 2013","10.1371/journal.pone.0060261",14,117,"N",FALSE,FALSE,2650,"Total_Leg_Length_T1_F","Morphology",FALSE,FALSE,FALSE,FALSE,FALSE,FALSE,FALSE,FALSE,FALSE,FALSE
"177",177,"Grubbs et al., 2013","10.1371/journal.pone.0060261",14,117,"N",FALSE,FALSE,2650,"Total_Leg_Length_T1_M","Morphology",TRUE,FALSE,FALSE,FALSE,FALSE,FALSE,FALSE,FALSE,TRUE,FALSE
"178",178,"Grubbs et al., 2013","10.1371/journal.pone.0060261",14,117,"N",FALSE,FALSE,2651,"Total_Leg_Length_T2_F","Morphology",TRUE,FALSE,FALSE,FALSE,FALSE,FALSE,FALSE,FALSE,TRUE,FALSE
"179",179,"Grubbs et al., 2013","10.1371/journal.pone.0060261",14,117,"N",FALSE,FALSE,2651,"Total_Leg_Length_T2_M","Morphology",TRUE,FALSE,FALSE,FALSE,FALSE,FALSE,FALSE,FALSE,TRUE,FALSE
"180",180,"Vonesch et al., 2016 (Include all 23)?","10.1371/journal.pgen.1005616",34,149,"Y",TRUE,TRUE,2840,"Wing_ACV_Length_F","Morphology",FALSE,FALSE,FALSE,FALSE,FALSE,FALSE,FALSE,FALSE,FALSE,FALSE
"181",181,"Vonesch et al., 2016 (Include all 23)?","10.1371/journal.pgen.1005616",34,149,"Y",TRUE,TRUE,2840,"Wing_ACV_Length_M","Morphology",FALSE,FALSE,FALSE,FALSE,FALSE,FALSE,FALSE,FALSE,FALSE,FALSE
"182",182,"Vonesch et al., 2016 (Include all 23)?","10.1371/journal.pgen.1005616",34,149,"Y",TRUE,TRUE,2823,"Wing_Anterior_to_L2_F","Morphology",FALSE,FALSE,FALSE,FALSE,FALSE,FALSE,FALSE,FALSE,FALSE,FALSE
"183",183,"Vonesch et al., 2016 (Include all 23)?","10.1371/journal.pgen.1005616",34,149,"Y",TRUE,TRUE,2823,"Wing_Anterior_to_L2_M","Morphology",FALSE,FALSE,FALSE,TRUE,FALSE,FALSE,FALSE,TRUE,FALSE,FALSE
"184",184,"Vonesch et al., 2016 (Include all 23)?","10.1371/journal.pgen.1005616",34,149,"Y",TRUE,TRUE,2819,"Wing_Area_F","Morphology",FALSE,FALSE,FALSE,TRUE,FALSE,FALSE,FALSE,TRUE,FALSE,FALSE
"185",185,"Vonesch et al., 2016 (Include all 23)?","10.1371/journal.pgen.1005616",34,149,"Y",TRUE,TRUE,2819,"Wing_Area_M","Morphology",TRUE,FALSE,FALSE,TRUE,FALSE,FALSE,FALSE,TRUE,TRUE,FALSE
"186",186,"Vonesch et al., 2016 (Include all 23)?","10.1371/journal.pgen.1005616",34,149,"Y",TRUE,TRUE,2822,"Wing_CentroidSize_F","Morphology",FALSE,FALSE,FALSE,TRUE,FALSE,FALSE,FALSE,TRUE,FALSE,FALSE
"187",187,"Vonesch et al., 2016 (Include all 23)?","10.1371/journal.pgen.1005616",34,149,"Y",TRUE,TRUE,2822,"Wing_CentroidSize_M","Morphology",TRUE,FALSE,FALSE,TRUE,FALSE,FALSE,FALSE,TRUE,TRUE,FALSE
"188",188,"Vonesch et al., 2016 (Include all 23)?","10.1371/journal.pgen.1005616",34,149,"Y",TRUE,TRUE,2820,"Wing_Length_F","Morphology",FALSE,FALSE,FALSE,TRUE,FALSE,FALSE,FALSE,TRUE,FALSE,FALSE
"189",189,"Vonesch et al., 2016 (Include all 23)?","10.1371/journal.pgen.1005616",34,149,"Y",TRUE,TRUE,2820,"Wing_Length_M","Morphology",FALSE,FALSE,FALSE,TRUE,FALSE,FALSE,FALSE,TRUE,FALSE,FALSE
"190",190,"Vonesch et al., 2016 (Include all 23)?","10.1371/journal.pgen.1005616",34,149,"Y",TRUE,TRUE,2839,"Wing_PCV_Length_F","Morphology",TRUE,FALSE,FALSE,FALSE,FALSE,FALSE,FALSE,FALSE,TRUE,FALSE
"191",191,"Vonesch et al., 2016 (Include all 23)?","10.1371/journal.pgen.1005616",34,149,"Y",TRUE,TRUE,2839,"Wing_PCV_Length_M","Morphology",TRUE,FALSE,FALSE,TRUE,FALSE,FALSE,FALSE,TRUE,TRUE,FALSE
"192",192,"Vonesch et al., 2016 (Include all 23)?","10.1371/journal.pgen.1005616",34,149,"Y",TRUE,TRUE,2824,"Wing_Posterior_to_L5_F","Morphology",FALSE,FALSE,FALSE,FALSE,FALSE,FALSE,FALSE,FALSE,FALSE,FALSE
"193",193,"Vonesch et al., 2016 (Include all 23)?","10.1371/journal.pgen.1005616",34,149,"Y",TRUE,TRUE,2824,"Wing_Posterior_to_L5_M","Morphology",TRUE,FALSE,FALSE,TRUE,FALSE,FALSE,FALSE,TRUE,TRUE,FALSE
"194",194,"Vonesch et al., 2016 (Include all 23)?","10.1371/journal.pgen.1005616",34,149,"Y",TRUE,TRUE,2821,"Wing_Width_F","Morphology",FALSE,FALSE,FALSE,FALSE,FALSE,FALSE,FALSE,FALSE,FALSE,FALSE
"195",195,"Vonesch et al., 2016 (Include all 23)?","10.1371/journal.pgen.1005616",34,149,"Y",TRUE,TRUE,2821,"Wing_Width_M","Morphology",TRUE,FALSE,FALSE,TRUE,FALSE,FALSE,FALSE,TRUE,TRUE,FALSE
"196",196,"Harbison et al., 2013","10.1186/1471-2164-14-281",15,168,"Y",FALSE,TRUE,1495,"cv_BoutLength_Day_F","Behavior",FALSE,FALSE,FALSE,FALSE,FALSE,FALSE,FALSE,FALSE,FALSE,FALSE
"197",197,"Harbison et al., 2013","10.1186/1471-2164-14-281",15,168,"Y",FALSE,TRUE,1495,"cv_BoutLength_Day_M","Behavior",FALSE,FALSE,FALSE,FALSE,FALSE,FALSE,FALSE,FALSE,FALSE,FALSE
"198",198,"Harbison et al., 2013","10.1186/1471-2164-14-281",15,168,"Y",FALSE,TRUE,1494,"cv_BoutLength_Night_F","Behavior",FALSE,FALSE,FALSE,FALSE,FALSE,FALSE,FALSE,FALSE,FALSE,FALSE
"199",199,"Harbison et al., 2013","10.1186/1471-2164-14-281",15,168,"Y",FALSE,TRUE,1494,"cv_BoutLength_Night_M","Behavior",FALSE,FALSE,FALSE,FALSE,FALSE,FALSE,FALSE,FALSE,FALSE,FALSE
"200",200,"Harbison et al., 2013","10.1186/1471-2164-14-281",15,168,"Y",FALSE,TRUE,1493,"cv_BoutNumber_Day_F","Behavior",FALSE,FALSE,FALSE,FALSE,FALSE,FALSE,FALSE,FALSE,FALSE,FALSE
"201",201,"Harbison et al., 2013","10.1186/1471-2164-14-281",15,168,"Y",FALSE,TRUE,1493,"cv_BoutNumber_Day_M","Behavior",FALSE,FALSE,FALSE,FALSE,FALSE,FALSE,FALSE,FALSE,FALSE,FALSE
"202",202,"Harbison et al., 2013","10.1186/1471-2164-14-281",15,168,"Y",FALSE,TRUE,1492,"cv_BoutNumber_Night_F","Behavior",FALSE,FALSE,FALSE,TRUE,FALSE,FALSE,FALSE,TRUE,FALSE,FALSE
"203",203,"Harbison et al., 2013","10.1186/1471-2164-14-281",15,168,"Y",FALSE,TRUE,1492,"cv_BoutNumber_Night_M","Behavior",FALSE,FALSE,FALSE,FALSE,FALSE,FALSE,FALSE,FALSE,FALSE,FALSE
"204",204,"Harbison et al., 2013","10.1186/1471-2164-14-281",15,168,"Y",FALSE,TRUE,1491,"cv_SleepLength_Day_F","Behavior",FALSE,FALSE,FALSE,FALSE,FALSE,FALSE,FALSE,FALSE,FALSE,FALSE
"205",205,"Harbison et al., 2013","10.1186/1471-2164-14-281",15,168,"Y",FALSE,TRUE,1491,"cv_SleepLength_Day_M","Behavior",FALSE,FALSE,FALSE,FALSE,FALSE,FALSE,FALSE,FALSE,FALSE,FALSE
"206",206,"Harbison et al., 2013","10.1186/1471-2164-14-281",15,168,"Y",FALSE,TRUE,1490,"cv_SleepLength_Night_F","Behavior",FALSE,FALSE,FALSE,FALSE,FALSE,FALSE,FALSE,FALSE,FALSE,FALSE
"207",207,"Harbison et al., 2013","10.1186/1471-2164-14-281",15,168,"Y",FALSE,TRUE,1490,"cv_SleepLength_Night_M","Behavior",FALSE,FALSE,FALSE,FALSE,FALSE,FALSE,FALSE,FALSE,FALSE,FALSE
"208",208,"Harbison et al., 2013","10.1186/1471-2164-14-281",15,168,"Y",FALSE,TRUE,1496,"cv_WakingActivity_F","Behavior",FALSE,FALSE,FALSE,FALSE,FALSE,FALSE,FALSE,FALSE,FALSE,FALSE
"209",209,"Harbison et al., 2013","10.1186/1471-2164-14-281",15,168,"Y",FALSE,TRUE,1496,"cv_WakingActivity_M","Behavior",FALSE,FALSE,FALSE,FALSE,FALSE,FALSE,FALSE,FALSE,FALSE,FALSE
"210",210,"Zhou et al., 2016","10.1289/ehp.1510513",37,184,"Y",TRUE,FALSE,1722,"gp_Dev_Time_Lead_F","Life_History",FALSE,FALSE,FALSE,FALSE,FALSE,FALSE,FALSE,FALSE,FALSE,FALSE
"211",211,"Zhou et al., 2016","10.1289/ehp.1510513",37,188,"Y",TRUE,FALSE,1722,"gp_Dev_Time_Lead_M","Life_History",FALSE,FALSE,FALSE,FALSE,FALSE,FALSE,FALSE,FALSE,FALSE,FALSE
"212",212,"Zhou et al., 2016","10.1289/ehp.1510513",37,199,"Y",TRUE,FALSE,1723,"gp_Viability_Lead_NA","Life_History",FALSE,FALSE,FALSE,FALSE,FALSE,FALSE,FALSE,FALSE,FALSE,FALSE
"213",213,"Montgomery et al., 2014","10.1371/journal.pone.0110375",23,173,"Y",TRUE,FALSE,1579,"idx_Surv_10MeHg_CAFF_NA","Stress_Resistance",FALSE,FALSE,FALSE,FALSE,FALSE,FALSE,FALSE,FALSE,FALSE,FALSE
"214",214,"Montgomery et al., 2014","10.1371/journal.pone.0110375",23,173,"Y",TRUE,FALSE,1568,"idx_Surv_10MeHg_NA","Stress_Resistance",FALSE,FALSE,FALSE,FALSE,FALSE,FALSE,FALSE,FALSE,FALSE,FALSE
"215",215,"Montgomery et al., 2014","10.1371/journal.pone.0110375",23,173,"Y",TRUE,FALSE,1569,"idx_Surv_15MeHg_NA","Stress_Resistance",FALSE,FALSE,FALSE,FALSE,FALSE,FALSE,FALSE,FALSE,FALSE,FALSE
"216",216,"Montgomery et al., 2014","10.1371/journal.pone.0110375",23,173,"Y",TRUE,FALSE,1567,"idx_Surv_5MeHg_NA","Stress_Resistance",FALSE,FALSE,FALSE,FALSE,FALSE,FALSE,FALSE,FALSE,FALSE,FALSE
"217",217,"Montgomery et al., 2014","10.1371/journal.pone.0110375",23,173,"Y",TRUE,FALSE,1570,"idx_Surv_cum_MeHg_NA","Stress_Resistance",FALSE,FALSE,FALSE,FALSE,FALSE,FALSE,FALSE,FALSE,FALSE,FALSE
"218",218,"Durham et al., 2014","10.1038/ncomms5338",12,189,"N",TRUE,FALSE,1427,"lsm_Life_Fecundity_F","Life_History",FALSE,FALSE,FALSE,FALSE,FALSE,FALSE,FALSE,FALSE,FALSE,FALSE
"219",219,"Durham et al., 2014","10.1038/ncomms5338",12,189,"N",TRUE,FALSE,1417,"lsm_Lifespan_F","Life_History",FALSE,FALSE,FALSE,FALSE,FALSE,FALSE,FALSE,FALSE,FALSE,FALSE
"220",220,"Durham et al., 2014","10.1038/ncomms5338",12,189,"N",TRUE,FALSE,1419,"lsm_Week1_Fecundity_F","Life_History",FALSE,FALSE,FALSE,FALSE,FALSE,FALSE,FALSE,FALSE,FALSE,FALSE
"221",221,"Durham et al., 2014","10.1038/ncomms5338",12,189,"N",TRUE,FALSE,1421,"lsm_Week3_Fecundity_F","Life_History",FALSE,FALSE,FALSE,FALSE,FALSE,FALSE,FALSE,FALSE,FALSE,FALSE
"222",222,"Durham et al., 2014","10.1038/ncomms5338",12,178,"N",TRUE,FALSE,1423,"lsm_Week5_Fecundity_F","Life_History",FALSE,FALSE,FALSE,TRUE,FALSE,FALSE,FALSE,TRUE,FALSE,FALSE
"223",223,"Durham et al., 2014","10.1038/ncomms5338",12,135,"N",TRUE,FALSE,1425,"lsm_Week7_Fecundity_F","Life_History",FALSE,FALSE,FALSE,FALSE,FALSE,FALSE,FALSE,FALSE,FALSE,FALSE
"224",224,"Ivanov et al., 2015 ","10.1093/gerona/glv047",18,165,"Y",TRUE,FALSE,1540,"md_Lifespan_F","Life_History",FALSE,FALSE,TRUE,FALSE,FALSE,FALSE,TRUE,FALSE,FALSE,FALSE
"225",225,"Rohde et al., 2017","10.1534/genetics.117.200642",29,87,"Y",FALSE,TRUE,1641,"mn_Aggressi_Isol_ADJ_M","Behavior",FALSE,FALSE,FALSE,TRUE,FALSE,FALSE,FALSE,TRUE,FALSE,FALSE
"226",226,"Rohde et al., 2017","10.1534/genetics.117.200642",29,87,"Y",FALSE,TRUE,1639,"mn_Aggressi_Isolated_M","Behavior",FALSE,TRUE,FALSE,FALSE,FALSE,TRUE,FALSE,FALSE,FALSE,FALSE
"227",227,"Rohde et al., 2017","10.1534/genetics.117.200642",29,87,"Y",FALSE,TRUE,1637,"mn_Aggressi_Soci_ADJ_M","Behavior",FALSE,FALSE,FALSE,FALSE,FALSE,FALSE,FALSE,FALSE,FALSE,FALSE
"228",228,"Shorter et al., 2015","10.1073/pnas.1510104112",30,200,"Y",TRUE,FALSE,1644,"mn_AggressionScore_M","Behavior",FALSE,FALSE,FALSE,FALSE,FALSE,FALSE,FALSE,FALSE,FALSE,FALSE
"229",229,"Rohde et al., 2017","10.1534/genetics.117.200642",29,87,"Y",FALSE,TRUE,1635,"mn_Aggression_Social_M","Behavior",FALSE,FALSE,FALSE,FALSE,FALSE,FALSE,FALSE,FALSE,FALSE,FALSE
"230",230,"Morozova et al., 2015","10.25387/g3.6213629.",25,205,"Y",TRUE,FALSE,1589,"mn_AlcoholSens_E1_F","Behavior",FALSE,FALSE,FALSE,FALSE,FALSE,FALSE,FALSE,FALSE,FALSE,FALSE
"231",231,"Morozova et al., 2015","10.25387/g3.6213629.",25,205,"Y",TRUE,FALSE,1589,"mn_AlcoholSens_E1_M","Physiology",FALSE,FALSE,FALSE,FALSE,FALSE,FALSE,FALSE,FALSE,FALSE,FALSE
"232",232,"Morozova et al., 2015","10.25387/g3.6213629.",25,205,"Y",TRUE,FALSE,1591,"mn_AlcoholSens_E2_F","Physiology",TRUE,FALSE,FALSE,TRUE,FALSE,FALSE,FALSE,TRUE,TRUE,FALSE
"233",233,"Morozova et al., 2015","10.25387/g3.6213629.",25,205,"Y",TRUE,FALSE,1591,"mn_AlcoholSens_E2_M","Physiology",FALSE,FALSE,FALSE,TRUE,FALSE,FALSE,FALSE,TRUE,FALSE,FALSE
"234",234,"Morozova et al., 2015","10.25387/g3.6213629.",25,205,"Y",TRUE,FALSE,1593,"mn_AlcoholTolerance_F","Stress_Resistance",TRUE,FALSE,FALSE,TRUE,FALSE,FALSE,FALSE,TRUE,TRUE,FALSE
"235",235,"Morozova et al., 2015","10.25387/g3.6213629.",25,205,"Y",TRUE,FALSE,1593,"mn_AlcoholTolerance_M","Stress_Resistance",TRUE,FALSE,FALSE,TRUE,FALSE,FALSE,FALSE,TRUE,TRUE,FALSE
"236",236,"Harbison et al., 2013","10.1186/1471-2164-14-281",15,168,"Y",FALSE,TRUE,1488,"mn_BoutLength_Day_F","Behavior",FALSE,FALSE,FALSE,FALSE,FALSE,FALSE,FALSE,FALSE,FALSE,FALSE
"237",237,"Harbison et al., 2013","10.1186/1471-2164-14-281",15,168,"Y",FALSE,TRUE,1488,"mn_BoutLength_Day_M","Behavior",TRUE,FALSE,FALSE,FALSE,FALSE,FALSE,FALSE,FALSE,TRUE,FALSE
"238",238,"Harbison et al., 2013","10.1186/1471-2164-14-281",15,168,"Y",FALSE,TRUE,1487,"mn_BoutLength_Night_F","Behavior",FALSE,FALSE,FALSE,TRUE,FALSE,FALSE,FALSE,TRUE,FALSE,FALSE
"239",239,"Harbison et al., 2013","10.1186/1471-2164-14-281",15,168,"Y",FALSE,TRUE,1487,"mn_BoutLength_Night_M","Behavior",FALSE,FALSE,FALSE,FALSE,FALSE,FALSE,FALSE,FALSE,FALSE,FALSE
"240",240,"Harbison et al., 2013","10.1186/1471-2164-14-281",15,168,"Y",FALSE,TRUE,1486,"mn_BoutNumber_Day_F","Behavior",FALSE,FALSE,FALSE,FALSE,FALSE,FALSE,FALSE,FALSE,FALSE,FALSE
"241",241,"Harbison et al., 2013","10.1186/1471-2164-14-281",15,168,"Y",FALSE,TRUE,1486,"mn_BoutNumber_Day_M","Behavior",TRUE,FALSE,FALSE,FALSE,FALSE,FALSE,FALSE,FALSE,TRUE,FALSE
"242",242,"Harbison et al., 2013","10.1186/1471-2164-14-281",15,168,"Y",FALSE,TRUE,1485,"mn_BoutNumber_Night_F","Behavior",FALSE,FALSE,FALSE,TRUE,FALSE,FALSE,FALSE,TRUE,FALSE,FALSE
"243",243,"Harbison et al., 2013","10.1186/1471-2164-14-281",15,168,"Y",FALSE,TRUE,1485,"mn_BoutNumber_Night_M","Behavior",FALSE,FALSE,FALSE,FALSE,FALSE,FALSE,FALSE,FALSE,FALSE,FALSE
"244",244,"MacKay et al., 2012","10.1038/nature10811",21,160,"N",FALSE,FALSE,1549,"mn_ChillComaRec_F","Stress_Resistance",FALSE,FALSE,FALSE,FALSE,FALSE,FALSE,FALSE,FALSE,FALSE,FALSE
"245",245,"MacKay et al., 2012","10.1038/nature10811",21,160,"N",FALSE,FALSE,1549,"mn_ChillComaRec_M","Stress_Resistance",FALSE,FALSE,FALSE,FALSE,FALSE,FALSE,FALSE,FALSE,FALSE,FALSE
"246",246,"Zhou et al., 2016","10.1289/ehp.1510513",37,198,"Y",TRUE,FALSE,2841,"mn_Dev_Time_F","Life_History",FALSE,FALSE,FALSE,FALSE,FALSE,FALSE,FALSE,FALSE,FALSE,FALSE
"247",247,"Zhou et al., 2016","10.1289/ehp.1510513",37,185,"Y",TRUE,FALSE,2843,"mn_Dev_Time_Lead_F","Life_History",FALSE,FALSE,FALSE,FALSE,FALSE,FALSE,FALSE,FALSE,FALSE,FALSE
"248",248,"Zhou et al., 2016","10.1289/ehp.1510513",37,190,"Y",TRUE,FALSE,2843,"mn_Dev_Time_Lead_M","Life_History",FALSE,FALSE,FALSE,FALSE,FALSE,FALSE,FALSE,FALSE,FALSE,FALSE
"249",249,"Zhou et al., 2016","10.1289/ehp.1510513",37,198,"Y",TRUE,FALSE,2841,"mn_Dev_Time_M","Life_History",FALSE,FALSE,TRUE,FALSE,FALSE,FALSE,TRUE,FALSE,FALSE,FALSE
"250",250,"Unckless et al., 2015","10.1534/g3.114.016477",32,147,"N",FALSE,FALSE,1681,"mn_Glucose_HighDiet_M","Physiology",FALSE,FALSE,FALSE,FALSE,FALSE,FALSE,FALSE,FALSE,FALSE,FALSE
"251",251,"Unckless et al., 2015","10.1534/g3.114.016477",32,150,"N",FALSE,FALSE,1682,"mn_Glucose_LowDiet_M","Physiology",FALSE,FALSE,FALSE,FALSE,FALSE,FALSE,FALSE,FALSE,FALSE,FALSE
"252",252,"Chaston et al., 2016","10.1128/AEM.03301-15",7,92,"N",FALSE,FALSE,2626,"mn_Glucose_M","Physiology",FALSE,FALSE,FALSE,FALSE,FALSE,FALSE,FALSE,FALSE,FALSE,FALSE
"253",253,"Unckless et al., 2015","10.1534/g3.114.016477",32,145,"N",FALSE,FALSE,1680,"mn_Glucose_Pooled_M","Physiology",FALSE,FALSE,FALSE,FALSE,FALSE,FALSE,FALSE,FALSE,FALSE,FALSE
"254",254,"Unckless et al., 2015","10.1534/g3.114.016477",32,147,"N",FALSE,FALSE,1684,"mn_Glycerol_HighDiet_M","Physiology",FALSE,FALSE,FALSE,FALSE,FALSE,FALSE,FALSE,FALSE,FALSE,FALSE
"255",255,"Unckless et al., 2015","10.1534/g3.114.016477",32,150,"N",FALSE,FALSE,1685,"mn_Glycerol_LowDiet_M","Physiology",TRUE,FALSE,FALSE,FALSE,FALSE,FALSE,FALSE,FALSE,TRUE,FALSE
"256",256,"Unckless et al., 2015","10.1534/g3.114.016477",32,145,"N",FALSE,FALSE,1683,"mn_Glycerol_Pooled_M","Physiology",TRUE,FALSE,FALSE,FALSE,FALSE,FALSE,FALSE,FALSE,TRUE,FALSE
"257",257,"Unckless et al., 2015","10.1534/g3.114.016477",32,147,"N",FALSE,FALSE,1687,"mn_Glycogen_HighDiet_M","Physiology",FALSE,FALSE,FALSE,FALSE,FALSE,FALSE,FALSE,FALSE,FALSE,FALSE
"258",258,"Unckless et al., 2015","10.1534/g3.114.016477",32,150,"N",FALSE,FALSE,1688,"mn_Glycogen_LowDiet_M","Physiology",FALSE,FALSE,FALSE,FALSE,FALSE,FALSE,FALSE,FALSE,FALSE,FALSE
"259",259,"Unckless et al., 2015","10.1534/g3.114.016477",32,145,"N",FALSE,FALSE,1686,"mn_Glycogen_Pooled_M","Physiology",FALSE,FALSE,FALSE,FALSE,FALSE,FALSE,FALSE,FALSE,FALSE,FALSE
"260",260,"Durham et al., 2014","10.1038/ncomms5338",12,189,"N",TRUE,FALSE,1426,"mn_Life_Fecundity_F","Life_History",FALSE,FALSE,FALSE,FALSE,FALSE,FALSE,FALSE,FALSE,FALSE,FALSE
"261",261,"Arya et al., 2015","10.1534/genetics.110.123166",1,218,"N",FALSE,FALSE,1315,"mn_Longevity_F","Life_History",FALSE,FALSE,FALSE,FALSE,FALSE,FALSE,FALSE,FALSE,FALSE,FALSE
"262",262,"Arya et al., 2015","10.1534/genetics.110.123166",1,218,"N",FALSE,FALSE,1315,"mn_Longevity_M","Life_History",FALSE,FALSE,TRUE,FALSE,FALSE,FALSE,TRUE,FALSE,FALSE,FALSE
"263",263,"Katzenberger et al., 2015","10.7554/eLife.04790",20,179,"N",FALSE,FALSE,1545,"mn_MortalityInd_NA","Stress_Resistance",FALSE,FALSE,FALSE,FALSE,FALSE,FALSE,FALSE,FALSE,FALSE,FALSE
"264",264,"Jordan et al., 2012","doi.org/10.1371/journal.pone.0038722",19,192,"N",FALSE,FALSE,1543,"mn_NegGeotaxis_CTRL_F","Behavior",TRUE,FALSE,TRUE,TRUE,FALSE,FALSE,TRUE,TRUE,TRUE,FALSE
"265",265,"Jordan et al., 2012","doi.org/10.1371/journal.pone.0038722",19,192,"N",FALSE,FALSE,1543,"mn_NegGeotaxis_CTRL_M","Behavior",FALSE,FALSE,FALSE,FALSE,FALSE,FALSE,FALSE,FALSE,FALSE,FALSE
"266",266,"Jordan et al., 2012","doi.org/10.1371/journal.pone.0038722",19,192,"N",FALSE,FALSE,1544,"mn_NegGeotaxis_MSB_F","Behavior",FALSE,FALSE,TRUE,TRUE,FALSE,FALSE,TRUE,TRUE,FALSE,FALSE
"267",267,"Jordan et al., 2012","doi.org/10.1371/journal.pone.0038722",19,192,"N",FALSE,FALSE,1544,"mn_NegGeotaxis_MSB_M","Behavior",FALSE,FALSE,FALSE,TRUE,FALSE,FALSE,FALSE,TRUE,FALSE,FALSE
"268",268,"Carbone et al., 2016","10.1073/pnas.1613833113",6,191,"Y",TRUE,FALSE,1336,"mn_PhototaxisScor_1w_F","Behavior",FALSE,FALSE,FALSE,FALSE,FALSE,FALSE,FALSE,FALSE,FALSE,FALSE
"269",269,"Carbone et al., 2016","10.1073/pnas.1613833113",6,191,"Y",TRUE,FALSE,1336,"mn_PhototaxisScor_1w_M","Behavior",FALSE,FALSE,FALSE,FALSE,FALSE,FALSE,FALSE,FALSE,FALSE,FALSE
"270",270,"Carbone et al., 2016","10.1073/pnas.1613833113",6,191,"Y",TRUE,FALSE,1338,"mn_PhototaxisScor_2w_F","Behavior",FALSE,FALSE,FALSE,FALSE,FALSE,FALSE,FALSE,FALSE,FALSE,FALSE
"271",271,"Carbone et al., 2016","10.1073/pnas.1613833113",6,191,"Y",TRUE,FALSE,1338,"mn_PhototaxisScor_2w_M","Behavior",FALSE,FALSE,FALSE,FALSE,FALSE,FALSE,FALSE,FALSE,FALSE,FALSE
"272",272,"Carbone et al., 2016","10.1073/pnas.1613833113",6,185,"Y",TRUE,FALSE,1340,"mn_PhototaxisScor_4w_F","Behavior",FALSE,FALSE,FALSE,FALSE,FALSE,FALSE,FALSE,FALSE,FALSE,FALSE
"273",273,"Carbone et al., 2016","10.1073/pnas.1613833113",6,185,"Y",TRUE,FALSE,1340,"mn_PhototaxisScor_4w_M","Behavior",FALSE,FALSE,FALSE,TRUE,FALSE,FALSE,FALSE,TRUE,FALSE,FALSE
"274",274,"Unckless et al., 2015","10.1534/g3.114.016477",32,147,"N",FALSE,FALSE,1693,"mn_Protein_HighDiet_M","Physiology",FALSE,FALSE,FALSE,TRUE,FALSE,FALSE,FALSE,TRUE,FALSE,FALSE
"275",275,"Unckless et al., 2015","10.1534/g3.114.016477",32,150,"N",FALSE,FALSE,1694,"mn_Protein_LowDiet_M","Physiology",FALSE,FALSE,FALSE,FALSE,FALSE,FALSE,FALSE,FALSE,FALSE,FALSE
"276",276,"Chaston et al., 2016","10.1128/AEM.03301-15",7,87,"N",FALSE,FALSE,2622,"mn_Protein_M","Physiology",FALSE,FALSE,FALSE,FALSE,FALSE,FALSE,FALSE,FALSE,FALSE,FALSE
"277",277,"Unckless et al., 2015","10.1534/g3.114.016477",32,145,"N",FALSE,FALSE,1692,"mn_Protein_Pooled_M","Physiology",FALSE,FALSE,FALSE,TRUE,FALSE,FALSE,FALSE,TRUE,FALSE,FALSE
"278",278,"Arya et al., 2015","10.1534/genetics.110.123166",1,219,"N",FALSE,FALSE,1312,"mn_RespAcetophen_3_5_F","Behavior",FALSE,FALSE,FALSE,FALSE,FALSE,FALSE,FALSE,FALSE,FALSE,FALSE
"279",279,"Arya et al., 2015","10.1534/genetics.110.123166",1,219,"N",FALSE,FALSE,1312,"mn_RespAcetophen_3_5_M","Behavior",FALSE,FALSE,FALSE,FALSE,FALSE,FALSE,FALSE,FALSE,FALSE,FALSE
"280",280,"Arya et al., 2015","10.1534/genetics.110.123166",1,139,"N",FALSE,FALSE,1311,"mn_RespBenzaldeh_3_5_F","Behavior",TRUE,FALSE,FALSE,FALSE,FALSE,FALSE,FALSE,FALSE,TRUE,FALSE
"281",281,"Arya et al., 2015","10.1534/genetics.110.123166",1,139,"N",FALSE,FALSE,1311,"mn_RespBenzaldeh_3_5_M","Behavior",TRUE,FALSE,FALSE,FALSE,FALSE,FALSE,FALSE,FALSE,TRUE,FALSE
"282",282,"Arya et al., 2015","10.1534/genetics.110.123166",1,219,"N",FALSE,FALSE,1314,"mn_RespHexanol_0_3_F","Behavior",FALSE,FALSE,FALSE,FALSE,FALSE,FALSE,FALSE,FALSE,FALSE,FALSE
"283",283,"Arya et al., 2015","10.1534/genetics.110.123166",1,219,"N",FALSE,FALSE,1314,"mn_RespHexanol_0_3_M","Behavior",FALSE,FALSE,FALSE,FALSE,FALSE,FALSE,FALSE,FALSE,FALSE,FALSE
"284",284,"Arya et al., 2015","10.1534/genetics.110.123166",1,219,"N",FALSE,FALSE,1313,"mn_RespHexanol_3_5_F","Behavior",FALSE,FALSE,FALSE,TRUE,FALSE,FALSE,FALSE,TRUE,FALSE,FALSE
"285",285,"Arya et al., 2015","10.1534/genetics.110.123166",1,219,"N",FALSE,FALSE,1313,"mn_RespHexanol_3_5_M","Behavior",FALSE,FALSE,FALSE,TRUE,FALSE,FALSE,FALSE,TRUE,FALSE,FALSE
"286",286,"Harbison et al., 2013","10.1186/1471-2164-14-281",15,168,"Y",FALSE,TRUE,1484,"mn_SleepLength_Day_F","Behavior",FALSE,FALSE,FALSE,FALSE,FALSE,FALSE,FALSE,FALSE,FALSE,FALSE
"287",287,"Harbison et al., 2013","10.1186/1471-2164-14-281",15,168,"Y",FALSE,TRUE,1484,"mn_SleepLength_Day_M","Behavior",FALSE,FALSE,FALSE,FALSE,FALSE,FALSE,FALSE,FALSE,FALSE,FALSE
"288",288,"Harbison et al., 2013","10.1186/1471-2164-14-281",15,168,"Y",FALSE,TRUE,1483,"mn_SleepLength_Night_F","Behavior",FALSE,FALSE,FALSE,FALSE,FALSE,FALSE,FALSE,FALSE,FALSE,FALSE
"289",289,"Harbison et al., 2013","10.1186/1471-2164-14-281",15,168,"Y",FALSE,TRUE,1483,"mn_SleepLength_Night_M","Behavior",FALSE,FALSE,FALSE,FALSE,FALSE,FALSE,FALSE,FALSE,FALSE,FALSE
"290",290,"MacKay et al., 2012","10.1038/nature10811",21,167,"N",FALSE,FALSE,1550,"mn_StartleRes_F","Behavior",FALSE,FALSE,FALSE,TRUE,FALSE,FALSE,FALSE,TRUE,FALSE,FALSE
"291",291,"MacKay et al., 2012","10.1038/nature10811",21,167,"N",FALSE,FALSE,1550,"mn_StartleRes_M","Behavior",FALSE,FALSE,FALSE,TRUE,FALSE,FALSE,FALSE,TRUE,FALSE,FALSE
"292",292,"Jordan et al., 2012","doi.org/10.1371/journal.pone.0038722",19,192,"N",FALSE,FALSE,1541,"mn_StartleResp_CTRL_F","Behavior",FALSE,FALSE,TRUE,TRUE,FALSE,FALSE,TRUE,TRUE,FALSE,FALSE
"293",293,"Jordan et al., 2012","doi.org/10.1371/journal.pone.0038722",19,192,"N",FALSE,FALSE,1541,"mn_StartleResp_CTRL_M","Behavior",FALSE,FALSE,FALSE,TRUE,FALSE,FALSE,FALSE,TRUE,FALSE,FALSE
"294",294,"Jordan et al., 2012","doi.org/10.1371/journal.pone.0038722",19,192,"N",FALSE,FALSE,1542,"mn_StartleResp_MSB_F","Behavior",FALSE,FALSE,TRUE,TRUE,FALSE,FALSE,TRUE,TRUE,FALSE,FALSE
"295",295,"Jordan et al., 2012","doi.org/10.1371/journal.pone.0038722",19,192,"N",FALSE,FALSE,1542,"mn_StartleResp_MSB_M","Behavior",TRUE,FALSE,FALSE,TRUE,FALSE,FALSE,FALSE,TRUE,TRUE,FALSE
"296",296,"MacKay et al., 2012","10.1038/nature10811",21,166,"N",FALSE,FALSE,1548,"mn_StarvationRes_ADJ_F","Stress_Resistance",FALSE,FALSE,FALSE,FALSE,FALSE,FALSE,FALSE,FALSE,FALSE,FALSE
"297",297,"MacKay et al., 2012","10.1038/nature10811",21,166,"N",FALSE,FALSE,1547,"mn_StarvationRes_F","Stress_Resistance",FALSE,FALSE,FALSE,FALSE,FALSE,FALSE,FALSE,FALSE,FALSE,FALSE
"298",298,"MacKay et al., 2012","10.1038/nature10811",21,166,"N",FALSE,FALSE,1547,"mn_StarvationRes_M","Stress_Resistance",FALSE,FALSE,FALSE,TRUE,FALSE,FALSE,FALSE,TRUE,FALSE,FALSE
"299",299,"Battlay et al., 2016","10.1534/g3.116.031054",3,178,"Y",TRUE,FALSE,20,"mn_Surv_Azinpho_0_25_NA","Stress_Resistance",FALSE,FALSE,FALSE,FALSE,FALSE,FALSE,FALSE,FALSE,FALSE,FALSE
"300",300,"Battlay et al., 2016","10.1534/g3.116.031054",3,178,"Y",TRUE,FALSE,21,"mn_Surv_Azinpho_0_5_NA","Stress_Resistance",FALSE,FALSE,FALSE,FALSE,FALSE,FALSE,FALSE,FALSE,FALSE,FALSE
"301",301,"Battlay et al., 2016","10.1534/g3.116.031054",3,178,"Y",TRUE,FALSE,22,"mn_Surv_Azinpho_1_0_NA","Stress_Resistance",FALSE,FALSE,FALSE,FALSE,FALSE,FALSE,FALSE,FALSE,FALSE,FALSE
"302",302,"Battlay et al., 2016","10.1534/g3.116.031054",3,178,"Y",TRUE,FALSE,23,"mn_Surv_Azinpho_2_0_NA","Stress_Resistance",FALSE,FALSE,FALSE,FALSE,FALSE,FALSE,FALSE,FALSE,FALSE,FALSE
"303",303,"Zhou et al., 2016","10.1289/ehp.1510513",37,166,"Y",TRUE,FALSE,2845,"mn_Tot_Activity_F","Behavior",FALSE,FALSE,FALSE,FALSE,TRUE,FALSE,FALSE,FALSE,FALSE,TRUE
"304",304,"Zhou et al., 2016","10.1289/ehp.1510513",37,166,"Y",TRUE,FALSE,2846,"mn_Tot_Activity_Lead_F","Behavior",FALSE,FALSE,FALSE,FALSE,TRUE,FALSE,FALSE,FALSE,FALSE,TRUE
"305",305,"Zhou et al., 2016","10.1289/ehp.1510513",37,166,"Y",TRUE,FALSE,2846,"mn_Tot_Activity_Lead_M","Behavior",FALSE,FALSE,FALSE,FALSE,TRUE,FALSE,FALSE,FALSE,FALSE,TRUE
"306",306,"Zhou et al., 2016","10.1289/ehp.1510513",37,166,"Y",TRUE,FALSE,2845,"mn_Tot_Activity_M","Behavior",FALSE,FALSE,FALSE,FALSE,TRUE,FALSE,FALSE,FALSE,FALSE,TRUE
"307",307,"Unckless et al., 2015","10.1534/g3.114.016477",32,147,"N",FALSE,FALSE,1690,"mn_Triglyceri_HiDiet_M","Physiology",FALSE,FALSE,FALSE,FALSE,FALSE,FALSE,FALSE,FALSE,FALSE,FALSE
"308",308,"Unckless et al., 2015","10.1534/g3.114.016477",32,150,"N",FALSE,FALSE,1691,"mn_Triglyceri_LoDiet_M","Physiology",FALSE,FALSE,FALSE,TRUE,FALSE,FALSE,FALSE,TRUE,FALSE,FALSE
"309",309,"Unckless et al., 2015","10.1534/g3.114.016477",32,145,"N",FALSE,FALSE,1689,"mn_Triglyceride_Pool_M","Physiology",FALSE,FALSE,FALSE,FALSE,FALSE,FALSE,FALSE,FALSE,FALSE,FALSE
"310",310,"Zhou et al., 2016","10.1289/ehp.1510513",37,199,"Y",TRUE,FALSE,2844,"mn_Viability_Lead_NA","Life_History",FALSE,FALSE,FALSE,FALSE,FALSE,FALSE,FALSE,FALSE,FALSE,FALSE
"311",311,"Zhou et al., 2016","10.1289/ehp.1510513",37,200,"Y",TRUE,FALSE,2842,"mn_Viability_NA","Life_History",FALSE,FALSE,FALSE,FALSE,FALSE,FALSE,FALSE,FALSE,FALSE,FALSE
"312",312,"Harbison et al., 2013","10.1186/1471-2164-14-281",15,168,"Y",FALSE,TRUE,1489,"mn_WakingActivity_F","Behavior",FALSE,FALSE,FALSE,FALSE,FALSE,FALSE,FALSE,FALSE,FALSE,FALSE
"313",313,"Harbison et al., 2013","10.1186/1471-2164-14-281",15,168,"Y",FALSE,TRUE,1489,"mn_WakingActivity_M","Behavior",FALSE,FALSE,FALSE,FALSE,FALSE,FALSE,FALSE,FALSE,FALSE,FALSE
"314",314,"Durham et al., 2014","10.1038/ncomms5338",12,189,"N",TRUE,FALSE,1418,"mn_Week1_Fecundity_F","Life_History",FALSE,FALSE,FALSE,FALSE,FALSE,FALSE,FALSE,FALSE,FALSE,FALSE
"315",315,"Durham et al., 2014","10.1038/ncomms5338",12,189,"N",TRUE,FALSE,1420,"mn_Week3_Fecundity_F","Life_History",FALSE,FALSE,FALSE,FALSE,FALSE,FALSE,FALSE,FALSE,FALSE,FALSE
"316",316,"Durham et al., 2014","10.1038/ncomms5338",12,178,"N",TRUE,FALSE,1422,"mn_Week5_Fecundity_F","Life_History",FALSE,FALSE,FALSE,TRUE,FALSE,FALSE,FALSE,TRUE,FALSE,FALSE
"317",317,"Durham et al., 2014","10.1038/ncomms5338",12,135,"N",TRUE,FALSE,1424,"mn_Week7_Fecundity_F","Life_History",FALSE,FALSE,FALSE,FALSE,FALSE,FALSE,FALSE,FALSE,FALSE,FALSE
"318",318,"Unckless et al., 2015","10.1534/g3.114.016477",32,147,"N",FALSE,FALSE,1696,"mn_Weight_HighDiet_M","Morphology",FALSE,FALSE,FALSE,FALSE,FALSE,FALSE,FALSE,FALSE,FALSE,FALSE
"319",319,"Unckless et al., 2015","10.1534/g3.114.016477",32,150,"N",FALSE,FALSE,1697,"mn_Weight_LowDiet_M","Morphology",FALSE,FALSE,FALSE,FALSE,FALSE,FALSE,FALSE,FALSE,FALSE,FALSE
"320",320,"Unckless et al., 2015","10.1534/g3.114.016477",32,145,"N",FALSE,FALSE,1695,"mn_Weight_PooledDiet_M","Morphology",FALSE,FALSE,FALSE,FALSE,FALSE,FALSE,FALSE,FALSE,FALSE,FALSE
"321",321,"Chaston et al., 2016","10.1128/AEM.03301-15",7,79,"N",FALSE,FALSE,2630,"pc_Acetobacteraceae_M","Physiology",FALSE,FALSE,FALSE,FALSE,FALSE,FALSE,FALSE,FALSE,FALSE,FALSE
"322",322,"Chaston et al., 2016","10.1128/AEM.03301-15",7,79,"N",FALSE,FALSE,2633,"pc_Comamonadaceae_M","Physiology",FALSE,FALSE,TRUE,FALSE,FALSE,FALSE,TRUE,FALSE,FALSE,FALSE
"323",323,"Grubbs et al., 2013","10.1371/journal.pone.0060261",14,117,"N",FALSE,FALSE,2652,"pc_Femur_Leg_T1_F","Morphology",FALSE,FALSE,FALSE,FALSE,FALSE,FALSE,FALSE,FALSE,FALSE,FALSE
"324",324,"Grubbs et al., 2013","10.1371/journal.pone.0060261",14,117,"N",FALSE,FALSE,2652,"pc_Femur_Leg_T1_M","Morphology",FALSE,FALSE,TRUE,FALSE,FALSE,FALSE,TRUE,FALSE,FALSE,FALSE
"325",325,"Grubbs et al., 2013","10.1371/journal.pone.0060261",14,117,"N",FALSE,FALSE,2653,"pc_Femur_Leg_T2_F","Morphology",FALSE,FALSE,TRUE,FALSE,FALSE,FALSE,TRUE,FALSE,FALSE,FALSE
"326",326,"Grubbs et al., 2013","10.1371/journal.pone.0060261",14,117,"N",FALSE,FALSE,2653,"pc_Femur_Leg_T2_M","Morphology",FALSE,FALSE,TRUE,FALSE,FALSE,FALSE,TRUE,FALSE,FALSE,FALSE
"327",327,"Chaston et al., 2016","10.1128/AEM.03301-15",7,79,"N",FALSE,FALSE,2631,"pc_Lactobacillaceae_M","Physiology",FALSE,FALSE,FALSE,FALSE,FALSE,FALSE,FALSE,FALSE,FALSE,FALSE
"328",328,"Chaston et al., 2016","10.1128/AEM.03301-15",7,79,"N",FALSE,FALSE,2634,"pc_Other_M","Physiology",FALSE,FALSE,FALSE,FALSE,TRUE,FALSE,FALSE,FALSE,FALSE,TRUE
"329",329,"Montgomery et al., 2014","10.1371/journal.pone.0110375",23,173,"Y",TRUE,FALSE,2642,"pc_Surv_MeHg_0_CAFF_NA","Stress_Resistance",TRUE,TRUE,FALSE,FALSE,FALSE,TRUE,FALSE,FALSE,TRUE,FALSE
"330",330,"Montgomery et al., 2014","10.1371/journal.pone.0110375",23,173,"Y",TRUE,FALSE,2638,"pc_Surv_MeHg_0_NA","Stress_Resistance",FALSE,FALSE,FALSE,FALSE,FALSE,FALSE,FALSE,FALSE,FALSE,FALSE
"331",331,"Montgomery et al., 2014","10.1371/journal.pone.0110375",23,173,"Y",TRUE,FALSE,2643,"pc_Surv_MeHg_10_CAFF_NA","Stress_Resistance",FALSE,FALSE,FALSE,FALSE,FALSE,FALSE,FALSE,FALSE,FALSE,FALSE
"332",332,"Montgomery et al., 2014","10.1371/journal.pone.0110375",23,173,"Y",TRUE,FALSE,2640,"pc_Surv_MeHg_10_NA","Stress_Resistance",FALSE,FALSE,FALSE,FALSE,FALSE,FALSE,FALSE,FALSE,FALSE,FALSE
"333",333,"Montgomery et al., 2014","10.1371/journal.pone.0110375",23,173,"Y",TRUE,FALSE,2641,"pc_Surv_MeHg_15_NA","Stress_Resistance",FALSE,FALSE,FALSE,FALSE,FALSE,FALSE,FALSE,FALSE,FALSE,FALSE
"334",334,"Montgomery et al., 2014","10.1371/journal.pone.0110375",23,173,"Y",TRUE,FALSE,2639,"pc_Surv_MeHg_5_NA","Stress_Resistance",FALSE,FALSE,FALSE,FALSE,FALSE,FALSE,FALSE,FALSE,FALSE,FALSE
"335",335,"Howick et al., 2017","10.1111/mec.14017",16,156,"N",FALSE,FALSE,1498,"pc_Surv_PRettgeriADJ_F","Stress_Resistance",FALSE,TRUE,FALSE,FALSE,FALSE,TRUE,FALSE,FALSE,FALSE,FALSE
"336",336,"Howick et al., 2017","10.1111/mec.14017",16,165,"N",FALSE,FALSE,1497,"pc_Surv_PRettgeri_F","Stress_Resistance",FALSE,TRUE,FALSE,FALSE,FALSE,TRUE,FALSE,FALSE,FALSE,FALSE
"337",337,"Grubbs et al., 2013","10.1371/journal.pone.0060261",14,117,"N",FALSE,FALSE,2656,"pc_Tarsus_Leg_T1_F","Morphology",FALSE,FALSE,FALSE,FALSE,FALSE,FALSE,FALSE,FALSE,FALSE,FALSE
"338",338,"Grubbs et al., 2013","10.1371/journal.pone.0060261",14,117,"N",FALSE,FALSE,2656,"pc_Tarsus_Leg_T1_M","Morphology",FALSE,FALSE,TRUE,FALSE,FALSE,FALSE,TRUE,FALSE,FALSE,FALSE
"339",339,"Grubbs et al., 2013","10.1371/journal.pone.0060261",14,117,"N",FALSE,FALSE,2657,"pc_Tarsus_Leg_T2_F","Morphology",FALSE,FALSE,TRUE,FALSE,FALSE,FALSE,TRUE,FALSE,FALSE,FALSE
"340",340,"Grubbs et al., 2013","10.1371/journal.pone.0060261",14,117,"N",FALSE,FALSE,2657,"pc_Tarsus_Leg_T2_M","Morphology",FALSE,FALSE,TRUE,FALSE,FALSE,FALSE,TRUE,FALSE,FALSE,FALSE
"341",341,"Grubbs et al., 2013","10.1371/journal.pone.0060261",14,117,"N",FALSE,FALSE,2654,"pc_Tibia_Leg_T1_F","Morphology",FALSE,FALSE,FALSE,TRUE,FALSE,FALSE,FALSE,TRUE,FALSE,FALSE
"342",342,"Grubbs et al., 2013","10.1371/journal.pone.0060261",14,117,"N",FALSE,FALSE,2654,"pc_Tibia_Leg_T1_M","Morphology",FALSE,FALSE,FALSE,TRUE,FALSE,FALSE,FALSE,TRUE,FALSE,FALSE
"343",343,"Grubbs et al., 2013","10.1371/journal.pone.0060261",14,117,"N",FALSE,FALSE,2655,"pc_Tibia_Leg_T2_F","Morphology",FALSE,FALSE,FALSE,FALSE,FALSE,FALSE,FALSE,FALSE,FALSE,FALSE
"344",344,"Grubbs et al., 2013","10.1371/journal.pone.0060261",14,117,"N",FALSE,FALSE,2655,"pc_Tibia_Leg_T2_M","Morphology",FALSE,FALSE,TRUE,FALSE,FALSE,FALSE,TRUE,FALSE,FALSE,FALSE
"345",345,"Chaston et al., 2016","10.1128/AEM.03301-15",7,79,"N",FALSE,FALSE,2632,"pc_Xanthomonadaceae_M","Physiology",FALSE,FALSE,TRUE,FALSE,FALSE,FALSE,TRUE,FALSE,FALSE,FALSE
"346",346,"Morgante et al., 2015","10.1038/srep09785",24,174,"Y",TRUE,FALSE,1587,"sd_ChillComaRec_F","Stress_Resistance",FALSE,FALSE,FALSE,FALSE,FALSE,FALSE,FALSE,FALSE,FALSE,FALSE
"347",347,"Morgante et al., 2015","10.1038/srep09785",24,174,"Y",TRUE,FALSE,1587,"sd_ChillComaRec_M","Stress_Resistance",FALSE,FALSE,FALSE,FALSE,FALSE,FALSE,FALSE,FALSE,FALSE,FALSE
"348",348,"Huang et al., 2020","10.1371/journal.pbio.3000645",40,183,"Y",TRUE,FALSE,2481,"sd_Lifespan_Env_18_F","Life_History",FALSE,FALSE,FALSE,FALSE,FALSE,FALSE,FALSE,FALSE,FALSE,FALSE
"349",349,"Huang et al., 2020","10.1371/journal.pbio.3000645",40,183,"Y",TRUE,FALSE,2481,"sd_Lifespan_Env_18_M","Life_History",FALSE,FALSE,FALSE,FALSE,FALSE,FALSE,FALSE,FALSE,FALSE,FALSE
"350",350,"Huang et al., 2020","10.1371/journal.pbio.3000645",40,186,"Y",TRUE,FALSE,2482,"sd_Lifespan_Env_25_F","Life_History",FALSE,FALSE,FALSE,FALSE,FALSE,FALSE,FALSE,FALSE,FALSE,FALSE
"351",351,"Huang et al., 2020","10.1371/journal.pbio.3000645",40,186,"Y",TRUE,FALSE,2482,"sd_Lifespan_Env_25_M","Life_History",FALSE,FALSE,FALSE,TRUE,FALSE,FALSE,FALSE,TRUE,FALSE,FALSE
"352",352,"Huang et al., 2020","10.1371/journal.pbio.3000645",40,177,"Y",TRUE,FALSE,2483,"sd_Lifespan_Env_28_F","Life_History",FALSE,FALSE,FALSE,FALSE,FALSE,FALSE,FALSE,FALSE,FALSE,FALSE
"353",353,"Huang et al., 2020","10.1371/journal.pbio.3000645",40,177,"Y",TRUE,FALSE,2483,"sd_Lifespan_Env_28_M","Life_History",FALSE,FALSE,FALSE,FALSE,TRUE,FALSE,FALSE,FALSE,FALSE,TRUE
"354",354,"Ivanov et al., 2015 ","10.1093/gerona/glv047",18,165,"Y",TRUE,FALSE,1538,"sd_Lifespan_F","Life_History",FALSE,FALSE,TRUE,FALSE,FALSE,FALSE,TRUE,FALSE,FALSE,FALSE
"355",355,"Katzenberger et al., 2015","10.7554/eLife.04790",20,179,"N",FALSE,FALSE,1546,"sd_MortalityInd_NA","Stress_Resistance",FALSE,FALSE,FALSE,FALSE,FALSE,FALSE,FALSE,FALSE,FALSE,FALSE
"356",356,"Morgante et al., 2015","10.1038/srep09785",24,201,"Y",TRUE,FALSE,1581,"sd_StartleRes_F","Behavior",FALSE,FALSE,FALSE,FALSE,FALSE,FALSE,FALSE,FALSE,FALSE,FALSE
"357",357,"Morgante et al., 2015","10.1038/srep09785",24,201,"Y",TRUE,FALSE,1581,"sd_StartleRes_M","Behavior",FALSE,FALSE,FALSE,FALSE,FALSE,FALSE,FALSE,FALSE,FALSE,FALSE
"358",358,"Morgante et al., 2015","10.1038/srep09785",24,197,"Y",TRUE,FALSE,1584,"sd_StarvationRes_F","Stress_Resistance",FALSE,FALSE,FALSE,FALSE,FALSE,FALSE,FALSE,FALSE,FALSE,FALSE
"359",359,"Morgante et al., 2015","10.1038/srep09785",24,197,"Y",TRUE,FALSE,1584,"sd_StarvationRes_M","Stress_Resistance",FALSE,FALSE,FALSE,FALSE,FALSE,FALSE,FALSE,FALSE,FALSE,FALSE
"360",360,"Rohde et al., 2017","10.1534/genetics.117.200642",29,87,"Y",FALSE,TRUE,1640,"se_Aggressi_Isolated_M","Behavior",FALSE,FALSE,FALSE,FALSE,FALSE,FALSE,FALSE,FALSE,FALSE,FALSE
"361",361,"Rohde et al., 2017","10.1534/genetics.117.200642",29,87,"Y",FALSE,TRUE,1636,"se_Aggression_Social_M","Behavior",FALSE,FALSE,FALSE,FALSE,FALSE,FALSE,FALSE,FALSE,FALSE,FALSE
"362",362,"Morozova et al., 2015","10.25387/g3.6213629.",25,205,"Y",TRUE,FALSE,1590,"se_AlcoholSens_E1_F","Physiology",FALSE,FALSE,FALSE,FALSE,FALSE,FALSE,FALSE,FALSE,FALSE,FALSE
"363",363,"Morozova et al., 2015","10.25387/g3.6213629.",25,205,"Y",TRUE,FALSE,1590,"se_AlcoholSens_E1_M","Physiology",FALSE,FALSE,FALSE,FALSE,FALSE,FALSE,FALSE,FALSE,FALSE,FALSE
"364",364,"Morozova et al., 2015","10.25387/g3.6213629.",25,205,"Y",TRUE,FALSE,1592,"se_AlcoholSens_E2_F","Physiology",TRUE,FALSE,FALSE,FALSE,FALSE,FALSE,FALSE,FALSE,TRUE,FALSE
"365",365,"Morozova et al., 2015","10.25387/g3.6213629.",25,205,"Y",TRUE,FALSE,1592,"se_AlcoholSens_E2_M","Physiology",TRUE,FALSE,FALSE,FALSE,FALSE,FALSE,FALSE,FALSE,TRUE,FALSE
"366",366,"Morozova et al., 2015","10.25387/g3.6213629.",25,205,"Y",TRUE,FALSE,1594,"se_AlcoholTolerance_F","Stress_Resistance",TRUE,FALSE,FALSE,FALSE,FALSE,FALSE,FALSE,FALSE,TRUE,FALSE
"367",367,"Morozova et al., 2015","10.25387/g3.6213629.",25,205,"Y",TRUE,FALSE,1594,"se_AlcoholTolerance_M","Stress_Resistance",FALSE,FALSE,FALSE,FALSE,FALSE,FALSE,FALSE,FALSE,FALSE,FALSE
"368",368,"Morgante et al., 2015","10.1038/srep09785",24,174,"Y",TRUE,FALSE,1588,"se_ChillComaRec_F","Stress_Resistance",FALSE,FALSE,FALSE,FALSE,FALSE,FALSE,FALSE,FALSE,FALSE,FALSE
"369",369,"Morgante et al., 2015","10.1038/srep09785",24,174,"Y",TRUE,FALSE,1588,"se_ChillComaRec_M","Stress_Resistance",TRUE,FALSE,FALSE,FALSE,FALSE,FALSE,FALSE,FALSE,TRUE,FALSE
"370",370,"Chaston et al., 2016","10.1128/AEM.03301-15",7,92,"N",FALSE,FALSE,2627,"se_Glucose_M","Physiology",FALSE,FALSE,FALSE,FALSE,FALSE,FALSE,FALSE,FALSE,FALSE,FALSE
"371",371,"Carbone et al., 2016","10.1073/pnas.1613833113",6,191,"Y",TRUE,FALSE,1337,"se_PhototaxisScor_1w_F","Behavior",FALSE,FALSE,FALSE,FALSE,FALSE,FALSE,FALSE,FALSE,FALSE,FALSE
"372",372,"Carbone et al., 2016","10.1073/pnas.1613833113",6,191,"Y",TRUE,FALSE,1337,"se_PhototaxisScor_1w_M","Behavior",FALSE,FALSE,FALSE,FALSE,FALSE,FALSE,FALSE,FALSE,FALSE,FALSE
"373",373,"Carbone et al., 2016","10.1073/pnas.1613833113",6,191,"Y",TRUE,FALSE,1339,"se_PhototaxisScor_2w_F","Behavior",FALSE,FALSE,FALSE,FALSE,FALSE,FALSE,FALSE,FALSE,FALSE,FALSE
"374",374,"Carbone et al., 2016","10.1073/pnas.1613833113",6,191,"Y",TRUE,FALSE,1339,"se_PhototaxisScor_2w_M","Behavior",FALSE,FALSE,FALSE,FALSE,TRUE,FALSE,FALSE,FALSE,FALSE,TRUE
"375",375,"Carbone et al., 2016","10.1073/pnas.1613833113",6,185,"Y",TRUE,FALSE,1341,"se_PhototaxisScor_4w_F","Behavior",FALSE,FALSE,FALSE,TRUE,FALSE,FALSE,FALSE,TRUE,FALSE,FALSE
"376",376,"Carbone et al., 2016","10.1073/pnas.1613833113",6,185,"Y",TRUE,FALSE,1341,"se_PhototaxisScor_4w_M","Behavior",FALSE,TRUE,FALSE,FALSE,FALSE,TRUE,FALSE,FALSE,FALSE,FALSE
"377",377,"Chaston et al., 2016","10.1128/AEM.03301-15",7,86,"N",FALSE,FALSE,2623,"se_Protein_M","Physiology",FALSE,FALSE,FALSE,FALSE,FALSE,FALSE,FALSE,FALSE,FALSE,FALSE
"378",378,"Morgante et al., 2015","10.1038/srep09785",24,201,"Y",TRUE,FALSE,1582,"se_StartleRes_F","Behavior",FALSE,FALSE,FALSE,FALSE,TRUE,FALSE,FALSE,FALSE,FALSE,TRUE
"379",379,"Morgante et al., 2015","10.1038/srep09785",24,201,"Y",TRUE,FALSE,1582,"se_StartleRes_M","Behavior",FALSE,FALSE,FALSE,FALSE,FALSE,FALSE,FALSE,FALSE,FALSE,FALSE
"380",380,"Morgante et al., 2015","10.1038/srep09785",24,197,"Y",TRUE,FALSE,1585,"se_StarvationRes_F","Stress_Resistance",FALSE,FALSE,FALSE,FALSE,FALSE,FALSE,FALSE,FALSE,FALSE,FALSE
"381",381,"Morgante et al., 2015","10.1038/srep09785",24,197,"Y",TRUE,FALSE,1585,"se_StarvationRes_M","Stress_Resistance",FALSE,FALSE,FALSE,TRUE,FALSE,FALSE,FALSE,TRUE,FALSE,FALSE
